,id,message_type,subject,summary,channel_id,importance,web_url,from_user_id,body_content_type,body_content
0,1714659181885,systemEventMessage,,,19:MTP6F7PpBHQppT772Jw9btbAF9EedfSASRD04EqnoFI1@thread.tacv2,normal,https://teams.microsoft.com/l/message/19%3AMTP6F7PpBHQppT772Jw9btbAF9EedfSASRD04EqnoFI1%40thread.tacv2/1714659181885?groupId=991bc98e-b4e5-4035-a19c-7b6d774411c1&tenantId=b79162dc-8d04-44f6-b3b2-c5a1d0b1b9a1&createdTime=1714659181885&parentMessageId=1714659181885,,html,<systemEventMessage/>
1,1712050247698,message,,,19:MTP6F7PpBHQppT772Jw9btbAF9EedfSASRD04EqnoFI1@thread.tacv2,normal,https://teams.microsoft.com/l/message/19%3AMTP6F7PpBHQppT772Jw9btbAF9EedfSASRD04EqnoFI1%40thread.tacv2/1712050247698?groupId=991bc98e-b4e5-4035-a19c-7b6d774411c1&tenantId=b79162dc-8d04-44f6-b3b2-c5a1d0b1b9a1&createdTime=1712050247698&parentMessageId=1712050247698,,text,
2,1707123018269,message,Abschluss,,19:MTP6F7PpBHQppT772Jw9btbAF9EedfSASRD04EqnoFI1@thread.tacv2,normal,https://teams.microsoft.com/l/message/19%3AMTP6F7PpBHQppT772Jw9btbAF9EedfSASRD04EqnoFI1%40thread.tacv2/1707123018269?groupId=991bc98e-b4e5-4035-a19c-7b6d774411c1&tenantId=b79162dc-8d04-44f6-b3b2-c5a1d0b1b9a1&createdTime=1707123018269&parentMessageId=1707123018269,76e9a00d-4e7a-4219-b027-bcfa50d073c7,html,"<p><at id=""0"">Allgemein</at></p>
<p style=""margin-bottom:8px"">Liebe Gruppen,</p>
<p style=""margin-bottom:8px"">Ihr habt es geschafft ‚Äì mit der gestrigen Abgabe der letzten Task habt Ihr diesen Kurs inhaltlich beendet! Daf√ºr gratulieren wir Euch!&nbsp;<emoji id=""1f389_partypopper"" alt=""üéâ"" title=""Konfettibombe""></emoji>&nbsp;Wir hoffen, Ihr hattet bei der Bearbeitung der Tasks genauso viel Spa√ü, wie wir beim Sichten Eurer Ergebnisse.</p>
<p style=""margin-bottom:8px"">Bevor wir Euch nun in die gro√üe Welt wieder entlassen und Euch die M√∂glichkeit geben, Euer erworbenes Wissen anzuwenden, haben wir noch ein paar Anliegen:</p>
<ol>
<li><u>&nbsp;Abschluss-Konsultation</u></li></ol>
<p style=""margin-bottom:8px"">Wir wollen mit jeder Gruppe noch eine letzte Konsultation durchf√ºhren, um mit Euch gemeinsam die letzten 12 Wochen Revue passieren zu lassen und Eure Meinungen und Ansichten zu diesem Kursformat, dem Gruppenprozess u.√§. einzuholen. Daf√ºr bitten wir Euch in den n√§chsten zwei Wochen einen der folgenden Slots auszuw√§hlen. Die Konsultationen an sich sind f√ºr maximal eine Stunde angesetzt. Folgende Termine k√∂nnen wir Euch anbieten:</p>
<ul>
<li style=""margin-bottom:8px"">Dienstag, 06.02.: 11:00 ‚Äì 12:30 Uhr</li><li style=""margin-bottom:8px"">Donnerstag, 08.02.: 8:00 ‚Äì 12:30 Uhr</li><li style=""margin-bottom:8px"">Freitag, 09.02.: 8:30 ‚Äì 10:00 Uhr</li><li style=""margin-bottom:8px"">Montag, 12.02.: 11:00 ‚Äì 12:30 Uhr</li><li style=""margin-bottom:8px"">Dienstag, 13.02.: 11:30 ‚Äì 13:00 Uhr</li><li style=""margin-bottom:8px"">Donnerstag, 15.02.: 8:30 ‚Äì 12:30 Uhr</li></ul>
<p style=""margin-bottom:8px"">Bitte tauscht Euch in den Gruppen aus, wann Ihr gemeinsam Eure Konsultation wahrnehmen k√∂nnt und teilt dies uns mit.</p>
<p style=""margin-bottom:8px"">&nbsp;</p>
<p style=""margin-left:40px"">2. <u>Umfrage</u></p>
<p style=""margin-left:40px"">&nbsp;</p>
<p style=""margin-bottom:8px"">Zum Abschluss des Kurses soll auch nochmal eine Erhebung via Online-Umfrage stattfinden. Dies ist die gleiche Umfrage, wie Ihr sie zu Beginn des Kurses schon ausgef√ºllt habt ‚Äì daher hoffen wir, dass Ihr Euren ‚ÄûPseudo-Namen‚Äú noch im Ged√§chtnis habt, weil Ihr diesen wieder angeben m√ºsst. Wir w√ºrden Euch daher bitten, diese Umfrage wieder auszuf√ºllen, denn diese Angaben sind entscheidend f√ºr den Evaluationsprozess und stellen auch wichtige Forschungsergebnisse dar.</p>
<p style=""margin-bottom:8px"">Den Link zu der Umfrage findet Ihr hier: <a href=""https://bildungsportal.sachsen.de/umfragen/limesurvey/index.php/749918?lang=de"" rel=""noreferrer noopener"" title=""https://bildungsportal.sachsen.de/umfragen/limesurvey/index.php/749918?lang=de"" target=""_blank"">https://bildungsportal.sachsen.de/umfragen/limesurvey/index.php/749918?lang=de</a>&nbsp;</p>
<p style=""margin-bottom:8px"">&nbsp;</p>
<p style=""margin-left:40px"">3. <u>Peer-Feedback</u></p>
<p style=""margin-left:40px"">&nbsp;</p>
<p style=""margin-bottom:8px"">Auch f√ºr die letzte Task m√ºsst Ihr nochmal Eure Feedback-St√§rke zeigen und den jeweils anderen Gruppen ein Peer-Review zur 6. Task geben. Dies sieht wie folgt aus:</p>
<ul>
<li style=""margin-bottom:8px""><strong>Gruppe Mediascholars</strong> gibt Feedback an <strong>Gruppe Digital Defense Dresden</strong></li><li style=""margin-bottom:8px""><strong>Gruppe Digital Defense Dresden</strong> gibt Feedback an <strong>Gruppe DD MK 311 E</strong></li><li style=""margin-bottom:8px""><strong>Gruppe DD MK 311 E</strong> gibt Feedback an <strong>Gruppe Mediascholars</strong></li></ul>
<p style=""margin-bottom:8px"">Hierf√ºr erhaltet Ihr die Ergebnisse wieder gesondert in Euren Gruppenkanal. Bitte reicht das Feedback bis Ende der Woche ein!&nbsp;</p>
<p style=""margin-bottom:8px""><span style=""color:#B6424C""><strong>!!</strong></span><strong> Wir w√ºrden gerne anmerken, dass Ihr Euer Zertifikat und die Anrechnung Eurer ECTS erst bekommt, sobald Ihr die Konsultationen wahrgenommen, die Umfrage ausgef√ºllt und das letzte Peer-Review eingereicht habt. Daher hier auch nochmal der Hinweis: Wer es noch nicht getan hat, bitte Eure Pr√ºfungs√§mter fragen, was Ihr f√ºr die Anrechnung braucht und es uns zukommen lassen </strong><span style=""color:#B6424C""><strong>!!</strong></span></p>
<p style=""margin-bottom:8px"">Zum Schluss wollen wir uns nochmal bei Euch bedanken ‚Äì dieser Kurs ist der erste Durchgang gewesen und Ihr habt eine fantastische Arbeit geleistet und wart offen f√ºr diese Fallstudie und die Tasks! Auch Eure Ergebnisse waren sehr bereichernd und interessant. Wir hoffen nat√ºrlich auch, dass Ihr etwas aus diesem Kurs mitnehmen und Euch weiterentwickeln konntet.&nbsp;<emoji id=""heart"" alt=""‚ù§Ô∏è"" title=""Herz""></emoji></p>
<p style=""margin-bottom:8px"">Liebe Gr√º√üe,</p>
<p style=""margin-bottom:8px"">Anne &amp; Lydia&nbsp;</p>"
3,1707134363127,message,,,19:MTP6F7PpBHQppT772Jw9btbAF9EedfSASRD04EqnoFI1@thread.tacv2,normal,https://teams.microsoft.com/l/message/19%3AMTP6F7PpBHQppT772Jw9btbAF9EedfSASRD04EqnoFI1%40thread.tacv2/1707134363127?groupId=991bc98e-b4e5-4035-a19c-7b6d774411c1&tenantId=b79162dc-8d04-44f6-b3b2-c5a1d0b1b9a1&createdTime=1707134363127&parentMessageId=1707134363127,,text,
4,1705915505100,message,Task 6,,19:MTP6F7PpBHQppT772Jw9btbAF9EedfSASRD04EqnoFI1@thread.tacv2,normal,https://teams.microsoft.com/l/message/19%3AMTP6F7PpBHQppT772Jw9btbAF9EedfSASRD04EqnoFI1%40thread.tacv2/1705915505100?groupId=991bc98e-b4e5-4035-a19c-7b6d774411c1&tenantId=b79162dc-8d04-44f6-b3b2-c5a1d0b1b9a1&createdTime=1705915505100&parentMessageId=1705915505100,76e9a00d-4e7a-4219-b027-bcfa50d073c7,html,"<p style=""margin-bottom:8px""><at id=""0"">Allgemein</at></p>
<p style=""margin-bottom:8px"">Liebe Gruppen,</p>
<p style=""margin-bottom:8px"">zun√§chst m√∂chten wir Euch f√ºr Eure herausragende Leistung und Euer Engagement w√§hrend des gesamten Kurses loben. Ihr habt bereits einen beeindruckenden Weg zur√ºckgelegt, Euch mit verschiedenen Tools und Umsetzungsm√∂glichkeiten auseinandergesetzt und tolle Ergebnisse geliefert!</p>
<p style=""margin-bottom:8px"">Wir n√§hern uns nun dem Abschluss dieses Kurses und wir m√∂chten Euch zu einer vision√§ren Reise einladen. Eure letzte Aufgabe ist keine gew√∂hnliche Aufgabe ‚Äì sie ist Eure Chance, Eure kreativen Kr√§fte zu entfesseln und eine Zukunftsvision f√ºr die FABE Universit√§t zu entwerfen, die wirklich revolution√§r ist. <strong>Denkt gro√ü, denkt innovativ und greift nach den Sternen!</strong></p>
<p style=""margin-bottom:8px"">Stellt Euch vor, es gibt keine Grenzen, keine Einschr√§nkungen. <strong>Wie m√∂chtet Ihr die FABE Universit√§t in der Zukunft sehen?</strong> Welche bahnbrechenden Ideen habt Ihr f√ºr die digitale Bildung, die Zusammenarbeit und die gesamte Studienerfahrung? Lasst Eurer Fantasie freien Lauf und skizziert eine Vision, die nicht nur beeindruckend, sondern auch inspirierend ist.</p>
<p style=""margin-bottom:8px"">Ihr habt in den vorangegangenen Aufgaben zahlreiche Werkzeuge kennengelernt und unterschiedliche Herangehensweisen erforscht. Jetzt liegt es an Euch, all das Wissen und die Kreativit√§t zu b√ºndeln, um eine Zukunft f√ºr die FABE Universit√§t zu gestalten, die Eure Perspektiven und Tr√§ume widerspiegelt. Nutzt Euer erworbenes Wissen und die vielf√§ltigen Werkzeuge, die Ihr kennengelernt habt, um eine Vision zu schaffen, die inspiriert, begeistert und die M√∂glichkeiten der digitalen Bildung neu definiert.&nbsp;</p>
<p style=""margin-bottom:8px"">Die Reflexion darf daf√ºr nat√ºrlich auch nicht fehlen ‚Äì geht dabei auch gerne auf den gesamten Kursprozess ein und gebt eine abschlie√üende Reflexion.</p>
<p style=""margin-bottom:8px"">Auch hierf√ºr habt Ihr wieder zwei Wochen Zeit, also bis zum <strong>11.02.2024.</strong></p>
<p style=""margin-bottom:8px"">Bei Fragen, gerne fragen und bei Konsultations-Bedarf auch gerne mit Terminen auf uns zu kommen.</p>
<p style=""margin-bottom:8px"">Wir sind gespannt auf Eure vision√§ren Beitr√§ge und freuen uns darauf, gemeinsam mit Euch in eine Zukunft zu blicken, die von Innovation und Fortschritt gepr√§gt ist.</p>
<p style=""margin-bottom:8px"">Viel Erfolg!</p>"
5,1706181434065,message,Peer-Feedback Task 5,,19:MTP6F7PpBHQppT772Jw9btbAF9EedfSASRD04EqnoFI1@thread.tacv2,normal,https://teams.microsoft.com/l/message/19%3AMTP6F7PpBHQppT772Jw9btbAF9EedfSASRD04EqnoFI1%40thread.tacv2/1706181434065?groupId=991bc98e-b4e5-4035-a19c-7b6d774411c1&tenantId=b79162dc-8d04-44f6-b3b2-c5a1d0b1b9a1&createdTime=1706181434065&parentMessageId=1706181434065,76e9a00d-4e7a-4219-b027-bcfa50d073c7,html,"<p><at id=""0"">Allgemein</at></p>
<p>Liebe Gruppen,&nbsp;</p>
<p>&nbsp;</p>
<p>vielen Dank f√ºr Eure tollen Podcasts - unser Feedback dazu wird bald folgen. Aber auch Ihr sollt Euch wieder Feedback untereinander geben.&nbsp;<emoji id=""smile"" alt=""üôÇ"" title=""Smiley""></emoji>&nbsp;</p>
<p>Mittlerweise wisst Ihr ja, wie das abl√§uft&nbsp;<emoji id=""wink"" alt=""üòâ"" title=""Zwinkern""></emoji>&nbsp;Im Anhang befindet sich wieder die Bewertungsmatrix und folgende Gruppen geben sich gegenseitiges Feedback:&nbsp;</p>
<ul>
<li>Gruppe<strong> DD MK 311</strong> <strong>E</strong> gibt Feedback an die <strong>Mediascholars&nbsp;</strong></li><li>Gruppe <strong>AAAA</strong> gibt Feedback an die Gruppe <strong>Digital Defense Dresden</strong></li><li>Gruppe <strong>Mediascholars</strong> gibt Feedback an die Gruppe <strong>DD MK 311 E</strong>&nbsp;</li><li>Gruppe <strong>Digital Defense Dresden</strong> gibt Feedback an die Gruppe <strong>AAAA</strong>&nbsp;</li></ul>
<p>Die jeweiligen Ergebnisse werde ich wieder in Eure Kan√§le hochladen. Das Peer-Feedback sollte <strong>bis zum Freitag, 02.02.2024</strong>, eingereicht werden. Bei Fragen, Problemen oder Verschiebungen - bitte R√ºckmeldung an uns!&nbsp;<emoji id=""smile"" alt=""üôÇ"" title=""Smiley""></emoji>&nbsp;</p>
<p>&nbsp;</p>
<p>Liebe Gr√º√üe&nbsp;</p><attachment id=""4b1411fa-2933-4ef5-880c-ddff62004f26""></attachment>"
6,1704704088011,message,Task 5,,19:MTP6F7PpBHQppT772Jw9btbAF9EedfSASRD04EqnoFI1@thread.tacv2,normal,https://teams.microsoft.com/l/message/19%3AMTP6F7PpBHQppT772Jw9btbAF9EedfSASRD04EqnoFI1%40thread.tacv2/1704704088011?groupId=991bc98e-b4e5-4035-a19c-7b6d774411c1&tenantId=b79162dc-8d04-44f6-b3b2-c5a1d0b1b9a1&createdTime=1704704088011&parentMessageId=1704704088011,76e9a00d-4e7a-4219-b027-bcfa50d073c7,html,"<p style=""margin-bottom:8px; margin-top:0px"">Liebe Gruppen,</p>
<p style=""margin-bottom:8px; margin-top:0px"">wir kommen nun zur vorletzten Task, was bedeutet, dass wir uns diesem VCL-Kurs so langsam dem Ende neigen. Bis hierhin habt Ihr bereits gro√üartige Ergebnisse generiert und daf√ºr danken wir Euch und wollen Euch gleichzeitig dazu ermutigen, genauso engagiert weiterzumachen!&nbsp;<emoji id=""1f389_partypopper"" alt=""üéâ"" title=""Konfettibombe""></emoji></p>
<p style=""margin-bottom:8px; margin-top:0px"">Mit der f√ºnften Task wollen wir nun tiefer in das Thema KI f√ºr den Hochschulkontext eintauchen.</p>
<p style=""margin-bottom:8px; margin-top:0px"">Die FABE University steht vor der Herausforderung, mit den sich rasch entwickelnden Bildungstechnologien Schritt zu halten. In einer √Ñra, in der KI-gest√ºtzte Programme und Sprachmodelle wie ChatGPT die Bildungslandschaft revolutionieren, m√∂chte die Universit√§t ihre Lehrenden aktiv in die Diskussion √ºber die Integration solcher Technologien einbeziehen. Die dynamische und sich wandelnde Welt erfordert von Bildungseinrichtungen, dass sie sich anpassen und innovative Lehrans√§tze nutzen, um den Lernenden relevante F√§higkeiten zu vermitteln. ChatGPT bietet die M√∂glichkeit, Lehrmaterialien zu generieren oder Pr√ºfungen zu bewerten, was potenziell die Effizienz steigern und den Lernprozess unterst√ºtzen k√∂nnte. Jedoch stehen der Einsatz solcher KI-Technologien auch Herausforderungen gegen√ºber. Fragen der Qualit√§tssicherung, ethische Bedenken bez√ºglich des Einsatzes von KI in der Bildung und die potenzielle Ver√§nderung der Lehr-Lern-Dynamik sind Aspekte, die ber√ºcksichtigt werden m√ºssen. Die Universit√§t m√∂chte daher verschiedene Meinungen und Perspektiven zu dieser Thematik einfangen, um fundierte Entscheidungen f√ºr zuk√ºnftige Bildungsstrategien zu treffen.</p>
<p style=""margin-bottom:8px; margin-top:0px""><u>Task 5: Podcast zu den Vor- und Nachteilen von KI in der Lehre</u></p>
<p style=""margin-bottom:8px; margin-top:0px"">Diskutiert in Eurer Gruppe die potenzielle Verwendung von ChatGPT<strong>*</strong> in der Lehre. Ihr k√∂nnt entweder √ºberlegen, wie Ihr beispielsweise diese Technologie zur Erstellung von Lehrinhalten f√ºr Vorlesungen oder Seminare einsetzen w√ºrdet oder wie es w√§re, Pr√ºfungsergebnisse oder Aufs√§tze zu bewerten, die mithilfe von KI erstellt wurden. Eure Diskussion sollte kritisch und reflektierend sein. Erstellt daf√ºr eine Pro- und Contra-Liste f√ºr ein bestimmtes Szenario (beispielsweise die oben genannten oder etwas Allt√§gliches aus Eurem Studierenden-Alltag). Nutzt diese Liste als Grundlage, um Eure pers√∂nlichen Meinungen zu formulieren und eure Standpunkte zu begr√ºnden. Anschlie√üend erstellt einen 10-min√ºtigen Podcast, in dem mindestens zwei Personen aus Eurer Gruppe die verschiedenen Perspektiven (Pro und Contra) darlegen. Zeigt Eure Argumente und erkl√§rt, warum ihr bestimmte Standpunkte einnehmt. Versucht dabei, Euer Publikum einzubeziehen und das Thema auf eine ansprechende und informative Weise zu pr√§sentieren. Eure Diskussion sollte sowohl die Vor- als auch die Nachteile der Integration von ChatGPT<strong>*</strong> in den Lehrprozess beleuchten und gleichzeitig Eure pers√∂nlichen Gedanken und √úberlegungen zur Verwendung dieser Technologie in der Bildung widerspiegeln.</p>
<p style=""margin-bottom:8px; margin-top:0px""><i>(<strong>*</strong> ChatGPT wird hier exemplarisch erw√§hnt, Ihr k√∂nnt nat√ºrlich auch andere Sprachmodelle verwenden oder Euch auf diese beziehen.)</i></p>
<p style=""margin-bottom:8px; margin-top:0px"">Die Reflexion sollte im Anschluss auch erfolgen ‚Äì diese k√∂nnt Ihr in Schrift- oder Videoform erstellen. Wichtig ist, dass Ihr in der Reflexion besonders auf die Tool-Wahl eingeht, also welches Tool habt Ihr f√ºr die Erstellung Eures Podcasts ausgew√§hlt und warum und welche Schwierigkeiten gab es eventuell?</p>
<p style=""margin-bottom:8px; margin-top:0px"">F√ºr diese Aufgabe habt Ihr nun bis zum <strong>21.01.2024</strong> Zeit. Weitere Informationen findet Ihr im <a href=""https://miro.com/app/board/uXjVPT6hA3E=/"" title=""https://miro.com/app/board/uXjVPT6hA3E=/"">Miro-Board.</a></p>
<p style=""margin-bottom:8px; margin-top:0px"">F√ºr Fragen und/oder Konsultationen kommt Ihr bitte auch, wie immer, auf uns zu!</p>
<p style=""margin-bottom:8px; margin-top:0px"">Wir w√ºnschen Euch viel Erfolg!&nbsp;</p>"
7,1705232904162,systemEventMessage,,,19:MTP6F7PpBHQppT772Jw9btbAF9EedfSASRD04EqnoFI1@thread.tacv2,normal,https://teams.microsoft.com/l/message/19%3AMTP6F7PpBHQppT772Jw9btbAF9EedfSASRD04EqnoFI1%40thread.tacv2/1705232904162?groupId=991bc98e-b4e5-4035-a19c-7b6d774411c1&tenantId=b79162dc-8d04-44f6-b3b2-c5a1d0b1b9a1&createdTime=1705232904162&parentMessageId=1705232904162,,html,<systemEventMessage/>
8,1705052522469,message,Peer Review Task 4,,19:MTP6F7PpBHQppT772Jw9btbAF9EedfSASRD04EqnoFI1@thread.tacv2,normal,https://teams.microsoft.com/l/message/19%3AMTP6F7PpBHQppT772Jw9btbAF9EedfSASRD04EqnoFI1%40thread.tacv2/1705052522469?groupId=991bc98e-b4e5-4035-a19c-7b6d774411c1&tenantId=b79162dc-8d04-44f6-b3b2-c5a1d0b1b9a1&createdTime=1705052522469&parentMessageId=1705052522469,76e9a00d-4e7a-4219-b027-bcfa50d073c7,html,"<p><at id=""0"">Allgemein</at></p>
<p>Liebe Gruppen,&nbsp;</p>
<p>&nbsp;</p>
<p>auch nach der 4. Task soll es Eurerseits ein Peer-Feedback geben. Im Anhang findet Ihr die Bewertungsmatrix auf die Ihr Euch im Feedback beziehen k√∂nnt. Folgende Gruppen geben sich diesmal Feedback:&nbsp;</p>
<ul>
<li>Gruppe <strong>DD MK 311 E</strong> gibt Feedback an Gruppe <strong>AAAA</strong></li><li>Gruppe <strong>Mediascholars</strong> gibt Feedback an Gruppe <strong>Digital Defense Dresden (DDD)</strong></li><li>Gruppe <strong>AAAA</strong> gibt Feedback an Gruppe <strong>DD MK 311 E</strong></li><li>Gruppe <strong>Digital Defense Dresden (DDD)</strong> gibt Feedback an Gruppe <strong>Mediascholars</strong>&nbsp;</li></ul>
<p>Die jeweiligen Ergebnisse der Gruppen werde ich Euch in Eure Gruppenkan√§le legen.&nbsp;</p>
<p>Bitte reicht das Feedback bis n√§chsten <strong>Freitag, 19.01.2024</strong>, ein. <strong>Falls Ihr es bis dahin nicht schafft, dann gebt uns bitte R√ºckmeldung!&nbsp;</strong></p>
<p>&nbsp;</p>
<p>Viel Spa√ü!&nbsp;</p><attachment id=""4eb53281-4e3b-4046-ab8b-a31b90784196""></attachment>"
9,1702281234324,message,Task 4,,19:MTP6F7PpBHQppT772Jw9btbAF9EedfSASRD04EqnoFI1@thread.tacv2,normal,https://teams.microsoft.com/l/message/19%3AMTP6F7PpBHQppT772Jw9btbAF9EedfSASRD04EqnoFI1%40thread.tacv2/1702281234324?groupId=991bc98e-b4e5-4035-a19c-7b6d774411c1&tenantId=b79162dc-8d04-44f6-b3b2-c5a1d0b1b9a1&createdTime=1702281234324&parentMessageId=1702281234324,76e9a00d-4e7a-4219-b027-bcfa50d073c7,html,"<p><at id=""0"">Allgemein</at>&nbsp;</p>
<p>Liebe Gruppen,</p>
<p>&nbsp;</p>
<p>ab heute startet schon die 4. Task und zuallererst senden wir Euch ganz viel Kraft, dass Ihr weiterhin so engagiert und flei√üig an den Aufgaben arbeitet, wie bisher! Ihr macht das toll und k√∂nnt stolz auf Euch sein!&nbsp;<emoji id=""heart"" alt=""‚ù§Ô∏è"" title=""Herz""></emoji></p>
<p>&nbsp;</p>
<p>Es wird nun mit den ‚Äû21st-century skills‚Äú weitergehen. Diese sind in der heutigen Arbeitswelt von entscheidender Bedeutung, um mit den st√§ndig wandelnden Anforderungen mithalten zu k√∂nnen. Damit Ihr eine konkrete Vorstellung von den ‚Äû21st-century skills‚Äú bekommt, empfehlen wir Euch das folgende Paper in Vorbereitung auf die Aufgabe zu lesen: <a href=""https://www.researchgate.net/publication/369089156_21st_Century_Skills_in_Higher_Education_-_A_Quantitative_Analysis_of_Current_Challenges_and_Potentials_at_A_University_of_Excellence"" title=""https://www.researchgate.net/publication/369089156_21st_Century_Skills_in_Higher_Education_-_A_Quantitative_Analysis_of_Current_Challenges_and_Potentials_at_A_University_of_Excellence""><strong>Paper zu den 21st-century skills</strong></a></p>
<p>&nbsp;</p>
<p><span style=""font-size:inherit""><u>Task 4: Infografik zu den ‚Äû21st-century skills‚Äú</u></span></p>
<p>&nbsp;</p>
<p>Eure Aufgabe besteht nun darin, eine Infografik mit Canva zu erstellen, die die wichtigsten ‚Äû21st-century skills‚Äú im Zeitalter der digitalen Transformation zeigt. Die Infografik soll verdeutlichen, wie diese F√§higkeiten aufeinander aufbauen, interagieren und sich vielleicht auch √ºberschneiden. Ziel ist eine einseitige Illustration mit einer klaren Struktur, die wertvolle Einblicke gibt, welche F√§higkeiten f√ºr Flexibilit√§t und Anpassungsf√§higkeit im Arbeitsbereich unerl√§sslich sind. Diese Aufgabe basiert auf der Erkenntnis, dass die ‚Äû21st-century skills‚Äú die Grundlage f√ºr Erfolg in der modernen Arbeitswelt bilden. Euer Ziel sollte es sein, durch visuelle Darstellungen die Verbindungen zwischen diesen F√§higkeiten zu verdeutlichen und ihre Relevanz in einer sich schnell wandelnden Arbeitsumgebung aufzuzeigen.<br>
Daher ist nun Eure Kreativit√§t gefragt: Nutzt ein passendes Design, um die ‚Äû21st-century skills‚Äú bestm√∂glich darzustellen. Erkl√§rt sp√§ter in der Reflexion Eure Entscheidungen, zeigt Euren Prozess auf und kennzeichnet die Infografik deutlich. Denkt auch daran, Eure Quellen anzugeben.</p>
<p>&nbsp;</p>
<p>Weitere Informationen sowie auch verschiedene Designs f√ºr die Infografiken findet Ihr, wie immer, auf dem <strong></strong><a href=""https://miro.com/app/board/uXjVPT6hA3E=/"" title=""https://miro.com/app/board/uXjVPT6hA3E=/""><strong>Miro-Board</strong></a>.</p>
<p>&nbsp;</p>
<p>F√ºr diese Aufgabe habt Ihr nun <strong>bis zum 07.01.2024</strong> Zeit!</p>
<p>&nbsp;</p>
<p>F√ºr <strong>Konsultationen</strong> stehen wir wie folgt zur Verf√ºgung:</p>
<ul>
<li>Anne &amp; Lydia: 11.12.- 15.12.23</li><li>Lydia: 18.12.-22.12.23</li><li>Anne &amp; Lydia: 02.01.-05.01.24</li></ul>
<p>Kommt, wie immer, mit Terminvorschl√§gen auf uns zu!</p>
<p>&nbsp;</p>
<p>Zus√§tzlich auch nochmal der <strong>Aufruf an der Umfrage teilzunehmen</strong>, f√ºr diejenigen, die es noch nicht getan haben: <a href=""https://bildungsportal.sachsen.de/umfragen/limesurvey/index.php/749918?lang=de"" rel=""noreferrer noopener"" title=""https://bildungsportal.sachsen.de/umfragen/limesurvey/index.php/749918?lang=de"" target=""_blank"">https://bildungsportal.sachsen.de/umfragen/limesurvey/index.php/749918?lang=de</a></p>
<p>&nbsp;</p>
<p>Wir w√ºnschen Euch viel Erfolg!&nbsp;</p><attachment id=""b50e8c89-fa6f-47b1-916a-48fd46e82ae8""></attachment>"
10,1702541505732,message,Peer Review Task 3,,19:MTP6F7PpBHQppT772Jw9btbAF9EedfSASRD04EqnoFI1@thread.tacv2,normal,https://teams.microsoft.com/l/message/19%3AMTP6F7PpBHQppT772Jw9btbAF9EedfSASRD04EqnoFI1%40thread.tacv2/1702541505732?groupId=991bc98e-b4e5-4035-a19c-7b6d774411c1&tenantId=b79162dc-8d04-44f6-b3b2-c5a1d0b1b9a1&createdTime=1702541505732&parentMessageId=1702541505732,76e9a00d-4e7a-4219-b027-bcfa50d073c7,html,"<p style=""margin-bottom:8px""><at id=""0"">Allgemein</at></p>
<p style=""margin-bottom:8px"">Liebe Gruppen,</p>
<p style=""margin-bottom:8px"">auch nach der 3. Task wollen wir das Peer-Review-Verfahren durchf√ºhren. Neben der Bew√§ltigung der gestellten Aufgaben ist das Geben von Feedback an andere eine entscheidende Komponente f√ºr Euren Lernprozess. Durch dieses Feedback k√∂nnt Ihr Euer Verst√§ndnis des Themas vertiefen, neue Perspektiven kennenlernen und Eure F√§higkeiten zur kritischen Analyse verbessern. Zudem regt es zur Selbstreflexion √ºber Eure eigene Arbeit an. Daher ist es wichtig, dass Ihr diesen Review-Prozess genauso ernst nehmt, wie die Tasks. <emoji id=""smile"" alt=""üôÇ"" title=""Grinsen""></emoji></p>
<p style=""margin-bottom:8px"">Diesmal werden wir in den Gruppen wechseln und haben uns folgende Konstellationen √ºberlegt:</p>
<ul>
<li style=""margin-bottom:8px"">Gruppe <strong>DD MK 311 E</strong> gibt Feedback an Gruppe <strong>DDD (Digital Defense Dresden)</strong></li><li style=""margin-bottom:8px"">Gruppe <strong>AAAA</strong> gibt Feedback an Gruppe <strong>Mediascholars</strong></li><li style=""margin-bottom:8px"">Gruppe <strong>DDD</strong> gibt Feedback an Gruppe <strong>DD MK 311 E</strong></li><li style=""margin-bottom:8px"">Gruppe <strong>Mediascholars</strong> gibt Feedback an Gruppe <strong>AAAA</strong></li></ul>
<p style=""margin-bottom:8px"">Ihr findet die Bewertungsmatrix f√ºr die 3. Task an dieser Nachricht angehangen. Die zu bewertenden Ergebnisse der einzelnen Gruppen werde ich Euch ebenfalls in Euren Gruppen-Chats zukommen lassen.</p>
<p style=""margin-bottom:8px"">Wir w√ºrden uns w√ºnschen, dass Ihr das Peer-Review <strong>bis Ende n√§chste Woche (also bis zum 22.12.)</strong> fertig macht, damit Ihr eventuelle Verbesserungsvorschl√§ge in die neue Task einarbeiten k√∂nnt. Wenn das f√ºr Euch nicht machbar ist, dann sagt uns Bescheid und wir √ºberlegen gemeinsam bis wann Ihr die Feedbacks einreicht.&nbsp;</p>
<p style=""margin-bottom:8px"">Viel Spa√ü! <emoji id=""smile"" alt=""üôÇ"" title=""Grinsen""></emoji>&nbsp;</p><attachment id=""51ca9992-de54-44a0-a411-598a6142f2d0""></attachment>"
11,1702373026022,message,Anerkennung der 5ECTS bei euren Pr√ºfungs√§mtern,,19:MTP6F7PpBHQppT772Jw9btbAF9EedfSASRD04EqnoFI1@thread.tacv2,normal,https://teams.microsoft.com/l/message/19%3AMTP6F7PpBHQppT772Jw9btbAF9EedfSASRD04EqnoFI1%40thread.tacv2/1702373026022?groupId=991bc98e-b4e5-4035-a19c-7b6d774411c1&tenantId=b79162dc-8d04-44f6-b3b2-c5a1d0b1b9a1&createdTime=1702373026022&parentMessageId=1702373026022,798bca91-b8d6-4ac6-8109-39bae470d23f,html,"<div><at id=""0"">Allgemein</at>&nbsp;Hallo an Alle! Wir brauchen von euch jeweils einen Hinweis, welche Art von Formular euer Pr√ºfungsamt von uns ben√∂tigt, um die 5ECTS (und Note) in ihrem System verbuchen zu k√∂nnen (Dazu gerne mal bei denen online schauen oder anrufen/vorbei gehen). Dies k√∂nnt ihr uns gerne bereits vorausf√ºlllen (Name, Matrikelnummer, usw)&nbsp;zukommen lassen, damit das dann im Anschluss an den Kurs schnell geht. VG Anne</div>"
12,1701422303592,message,Konsultationen,,19:MTP6F7PpBHQppT772Jw9btbAF9EedfSASRD04EqnoFI1@thread.tacv2,normal,https://teams.microsoft.com/l/message/19%3AMTP6F7PpBHQppT772Jw9btbAF9EedfSASRD04EqnoFI1%40thread.tacv2/1701422303592?groupId=991bc98e-b4e5-4035-a19c-7b6d774411c1&tenantId=b79162dc-8d04-44f6-b3b2-c5a1d0b1b9a1&createdTime=1701422303592&parentMessageId=1701422303592,76e9a00d-4e7a-4219-b027-bcfa50d073c7,html,"<p>Ihr Lieben,&nbsp;</p>
<p>&nbsp;</p>
<p>kommt mit Terminvorschl√§gen f√ºr n√§chste Woche gerne auf uns zu! <emoji id=""smile"" alt=""üôÇ"" title=""Grinsen""></emoji>&nbsp;Und falls noch nicht geschehen - bitte die Umfrage ausf√ºllen: <a href=""https://bildungsportal.sachsen.de/umfragen/limesurvey/index.php/749918?lang=de"" rel=""noreferrer noopener"" title=""https://bildungsportal.sachsen.de/umfragen/limesurvey/index.php/749918?lang=de"" target=""_blank"">https://bildungsportal.sachsen.de/umfragen/limesurvey/index.php/749918?lang=de</a>&nbsp;</p>
<p>&nbsp;</p>
<p>Liebe Gr√º√üe und ein sch√∂nes Wochenende</p>
<p>Anne&amp;Lydia</p>"
13,1701084296893,message,Die n√§chsten Schritte,,19:MTP6F7PpBHQppT772Jw9btbAF9EedfSASRD04EqnoFI1@thread.tacv2,normal,https://teams.microsoft.com/l/message/19%3AMTP6F7PpBHQppT772Jw9btbAF9EedfSASRD04EqnoFI1%40thread.tacv2/1701084296893?groupId=991bc98e-b4e5-4035-a19c-7b6d774411c1&tenantId=b79162dc-8d04-44f6-b3b2-c5a1d0b1b9a1&createdTime=1701084296893&parentMessageId=1701084296893,798bca91-b8d6-4ac6-8109-39bae470d23f,html,"<div><div>Liebe Alle,&nbsp;</div>

<div>danke f√ºr eure Abgaben f√ºr die 2. Task!</div>

<div>&nbsp;</div>

<div>Wir (Lydia und ich) bereiten euch einen kleinen Pitch f√ºr den&nbsp;kommenden Task vor. Den bekommt ihr morgen fr√ºh hier im Allgemein Channel. Wir sind ein wenig in Verzug an unserem Ende, weil wir beide letzte Woche Urlaub hatten <emoji id=""1f389_partypopper"" alt=""üéâ"" title=""""></emoji>. Auch das gruppenspezifische Feedback erhaltet ihr zeitnah in eure Channels gepostet.&nbsp;</div>

<div>&nbsp;</div>

<div>Habt also erstmal einen sch√∂nen freien (jedenfalls FABE-freien) Tag.</div>

<div>&nbsp;</div>

<div>Bis morgen!</div>

<div>Lydia&amp;Anne</div>
</div>"
14,1700218736309,message,Konsultationen,,19:MTP6F7PpBHQppT772Jw9btbAF9EedfSASRD04EqnoFI1@thread.tacv2,normal,https://teams.microsoft.com/l/message/19%3AMTP6F7PpBHQppT772Jw9btbAF9EedfSASRD04EqnoFI1%40thread.tacv2/1700218736309?groupId=991bc98e-b4e5-4035-a19c-7b6d774411c1&tenantId=b79162dc-8d04-44f6-b3b2-c5a1d0b1b9a1&createdTime=1700218736309&parentMessageId=1700218736309,76e9a00d-4e7a-4219-b027-bcfa50d073c7,html,"<p><at id=""0"">Allgemein</at>&nbsp;Liebe Gruppen,&nbsp;</p>
<p>&nbsp;</p>
<p>falls Ihr n√§chste Woche Bedarf an Konsultationen habt, dann k√∂nnte ich Euch folgende Zeiten anbieten:&nbsp;</p>
<p>&nbsp;</p>
<p>Montag, 20.11.:</p>
<ul>
<li>ganzt√§gig -&gt; kommt gerne mit Vorschlagen auf mich zu, ich bin den ganzen Tag flexibel <emoji id=""smile"" alt=""üôÇ"" title=""Grinsen""></emoji>&nbsp;</li></ul>
<p>Dienstag, 21.11.:</p>
<ul>
<li>8:00-8:30 Uhr&nbsp;</li><li>ab 12:30 bis 15 Uhr bin ich auch flexibel f√ºr Eure Vorschl√§ge</li></ul>
<p>Zu den Konsultationen m√ºsst Ihr nicht fertig sein. Wir k√∂nnen uns auch Euren aktuellen Bearbeitungsstand gemeinsam anschauen und √ºber m√∂gliche Probleme sprechen, die Ihr bei der Bearbeitung der Aufgabe oder vielleicht auch innerhalb Eurer Gruppe aufgekommen sind.&nbsp;</p>
<p>Falls Euch die Zeiten nicht passen, dann k√∂nnt Ihr nat√ºrlich auch dar√ºber hinaus Fragen stellen!&nbsp;</p>
<p>&nbsp;</p>
<p>Ansonsten noch weiterhin viel Erfolg und ein sch√∂nes Wochenende! <emoji id=""smile"" alt=""üôÇ"" title=""Grinsen""></emoji></p>"
15,1700120146948,message,Feedback zu den Group Contracts,,19:MTP6F7PpBHQppT772Jw9btbAF9EedfSASRD04EqnoFI1@thread.tacv2,normal,https://teams.microsoft.com/l/message/19%3AMTP6F7PpBHQppT772Jw9btbAF9EedfSASRD04EqnoFI1%40thread.tacv2/1700120146948?groupId=991bc98e-b4e5-4035-a19c-7b6d774411c1&tenantId=b79162dc-8d04-44f6-b3b2-c5a1d0b1b9a1&createdTime=1700120146948&parentMessageId=1700120146948,798bca91-b8d6-4ac6-8109-39bae470d23f,html,"<div><div>Hall√∂chen an alle <emoji id=""hi"" alt=""üëã"" title=""""></emoji><emoji id=""hi"" alt=""üëã"" title=""""></emoji><emoji id=""hi"" alt=""üëã"" title=""""></emoji><emoji id=""hi"" alt=""üëã"" title=""""></emoji>,</div>

<div>&nbsp;</div>

<div>jedes Team hat jetzt ein ausf√ºhrliches Feedback zum Gruppenvertrag erhalten und ich konnte bei jeder Gruppe auch besondere St√§rken finden, die ich hier kurz teilen will als Inspiration f√ºr die kommenden Phasen:</div>

<div>&nbsp;</div>


<ul>

	
<li><u>Untertitel </u>in den Videos: Ist jetzt hier in dem Kontext nicht so super relevant, weil wir alle anscheinend keine H√ºrden in der Akustik haben aber so generell zur Erstellung von Videos ist es eine wichtige digitale Kompetenz, mehr ZuschauerInnen zu erreichen, indem man Untertitel erg√§nzt</li>
	
<li><u>Kreative Risiken</u>: Ihr k√∂nnt euch gerne richtig auslassen, wenn es um die Gestaltung geht, wilde √úberg√§nge, kitschige Emojies - lasst alles raus. Hier in diesem Kurs geben wir euch dann dazu Feedback aber es wird sich nicht auf die Note auswirken - also wer schon immer mal eine Erkl√§rvideo mit Katzen Memes machen wollte - jetzt ist die Zeit.</li>
	
<li><u>Personality</u>: in der digitalen Arbeit geht oft der Charakter verloren, weil einfach Ebenen der Kommunikation fehlen. Und wir kennen uns ja alle nicht <emoji id=""confused"" alt=""üòï"" title=""""></emoji>&nbsp;Ich konnte euch am besten als Person erkennen, wenn ihr frei sprecht, dabei auch mal im Kreis redet oder neu anfangt - alles ganz nat√ºrlich. Eure Erkl√§rvideos m√ºssen also nicht super einstudiert sein und k√∂nnen auch wirklich spontan entstehen.</li>
	
<li><u>Reflexion</u>: Ich wei√ü, dass es immer komisch ist, aktiv Erfolge und/ oder Missst√§nde zu reflektieren - liegt nicht in unserer Natur und kommt manchmal nicht so fluffig. Aber es ist f√ºr das Lernen super wichtig und auch die Gruppe profitiert von einer reflektierten und transparenten Kommunikation. Wenn das Video dazu nicht gut geeignet ist - schreibt uns gerne stattdessen einen Text als Gruppe oder einzeln.&nbsp;</li>
	
<li><u>Toolwahl</u>: Erkl√§rt gerne, warum ihr welche Tools verwendet habt und geht auch darauf ein, wie das so bisher klappt und ob ihr eventuell umsteigen wollt</li>
</ul>


<div>Wir (Lydia und ich) sagen nochmal danke an alle! Wir konnten in allen Teams sehen, dass die Gruppen gut zusammengefunden haben und ihr die erste&nbsp;Aufgabe erfolgreich gemeistert habt mit Kreativit√§t und Offenheit - Danke f√ºr euer Vertrauen, dass ihr euch innerhalb der Gruppe und auch uns zeigt!</div>

<div>&nbsp;</div>

<div>Gr√º√üe</div>
</div>"
16,1699922302223,systemEventMessage,,,19:MTP6F7PpBHQppT772Jw9btbAF9EedfSASRD04EqnoFI1@thread.tacv2,normal,https://teams.microsoft.com/l/message/19%3AMTP6F7PpBHQppT772Jw9btbAF9EedfSASRD04EqnoFI1%40thread.tacv2/1699922302223?groupId=991bc98e-b4e5-4035-a19c-7b6d774411c1&tenantId=b79162dc-8d04-44f6-b3b2-c5a1d0b1b9a1&createdTime=1699922302223&parentMessageId=1699922302223,,html,<systemEventMessage/>
17,1699863969279,message,Task 2,,19:MTP6F7PpBHQppT772Jw9btbAF9EedfSASRD04EqnoFI1@thread.tacv2,normal,https://teams.microsoft.com/l/message/19%3AMTP6F7PpBHQppT772Jw9btbAF9EedfSASRD04EqnoFI1%40thread.tacv2/1699863969279?groupId=991bc98e-b4e5-4035-a19c-7b6d774411c1&tenantId=b79162dc-8d04-44f6-b3b2-c5a1d0b1b9a1&createdTime=1699863969279&parentMessageId=1699863969279,76e9a00d-4e7a-4219-b027-bcfa50d073c7,html,"<div><div>
<div>

<div itemprop=""copy-paste-block"">

<p style=""margin-bottom:11px""><span style=""font-size:11pt""><span style=""line-height:107%""><span style=""font-family:Calibri,sans-serif"">Liebe Gruppen, </span></span></span></p>



<p style=""margin-bottom:11px""><span style=""font-size:11pt""><span style=""line-height:107%""><span style=""font-family:Calibri,sans-serif"">ab heute geht es in die n√§chste Runde unseres Virtual-Collaborative-Learning-Kurses.&nbsp;<emoji id=""1f389_partypopper"" alt=""üéâ"" title=""""></emoji>&nbsp;</span></span></span><span style=""font-size:11pt""><span style=""line-height:107%""><span style=""font-family:Calibri,sans-serif"">Nun werden wir richtig in die Fallstudie der FABE University eintauchen. Damit Ihr die FABE University kennenlernen k√∂nnt, schaut Euch doch&nbsp;bitte das Vorstellungsvideo an: </span></span></span></p>



<p style=""margin-bottom:11px""><a href=""https://videocampus.sachsen.de/video/intro-to-fabe-university/a2bee3dfdb39f8694ebb8e167717e5d9"" rel=""noreferrer noopener"" target=""_blank"" title=""https://videocampus.sachsen.de/video/intro-to-fabe-university/a2bee3dfdb39f8694ebb8e167717e5d9"">https://videocampus.sachsen.de/video/intro-to-fabe-university/a2bee3dfdb39f8694ebb8e167717e5d9</a>&nbsp;</p>



<p style=""margin-bottom:11px""><span style=""font-size:11pt""><span style=""line-height:107%""><span style=""font-family:Calibri,sans-serif"">Auch die FABE University steht vor der Herausforderung, die zunehmende Digitalisierung im Hochschulbereich zu bew√§ltigen. W√§hrend digitale Technologien bereits einen festen Platz im studentischen Alltag haben, fehlt es an einer einheitlichen, hochwertigen Strategie f√ºr die Implementierung der digitalen Transformation auf universit√§rer Ebene. Die COVID-19-Pandemie hat zwar einen Digitalisierungsschub ausgel√∂st, jedoch bestehen weiterhin Unsicherheiten und uneinheitliche Umsetzungen in den Bereichen Lehre, Forschung und Verwaltung. Es besteht die Notwendigkeit, einen umfassenden und interuniversit√§ren Plan zur erfolgreichen Umsetzung der digitalen Transformation zu entwickeln. In dieser Fallstudie bildet Ihr mit Eurer Gruppe ein interdisziplin√§res Beratungsgremium, um die FABE University bei diesen neuen Herausforderungen zu unterst√ºtzen und zu leiten. Das f√ºhrt uns direkt zu Eurer n√§chsten Aufgabe: </span></span></span></p>



<p style=""margin-bottom:11px""><u><span style=""font-size:11pt""><span style=""line-height:107%""><span style=""font-family:Calibri,sans-serif"">Task 2: Stakeholder-Analyse </span></span></span></u></p>



<p style=""margin-bottom:11px""><span style=""font-size:11pt""><span style=""line-height:107%""><span style=""font-family:Calibri,sans-serif"">Die FABE University hat aufgrund ihres anhaltenden Wachstums neue Positionen geschaffen, darunter das Zentrum f√ºr E-Learning-Strategie. Ihr √ºbernehmt mit Euren Gruppen die Rolle als E-Learning-Experten- und Expertinnen, um das Rektorat der Universit√§t in Bezug auf die neuen Herausforderungen im Bereich E-Learning zu beraten. <strong>Daf√ºr f√ºhrt Ihr eine Stakeholder-Analyse durch, in der Ihr eine systematische Bewertung aller relevanten Interessengruppen oder Akteuren vornehmt, die von dieser E-Learning-Strategie betroffen sein k√∂nnten.</strong> Ziel ist es, ihre Interessen, Erwartungen, Einfl√ºsse und Beziehungen zu verstehen, um angemessene Ma√ünahmen und Strategien zu entwickeln.<br>

Die Ergebnisse sollen in einer Stakeholder-Map pr√§sentiert werden - die Pr√§sentation dazu erfolgt in einem Video, das sowohl die Ergebnisse als auch den Reflexionsprozess der Analyse zeigt.</span></span></span></p>



<p style=""margin-bottom:11px""><span style=""font-size:11pt""><span style=""line-height:107%""><span style=""font-family:Calibri,sans-serif"">Mehr zu Task 2 findet Ihr auf dem <strong><a href=""https://miro.com/app/board/uXjVPT6hA3E=/"" rel=""noreferrer noopener"" target=""_blank"" title=""https://miro.com/app/board/uxjvpt6ha3e=/"">Miro-Board</a>.</strong></span></span></span></p>



<p style=""margin-bottom:11px""><span style=""font-size:11pt""><span style=""line-height:107%""><span style=""font-family:Calibri,sans-serif"">F√ºr diese Aufgabe habt Ihr nun auch <strong>zwei Wochen Zeit, d.h. bis zum 26.11.2023</strong>. </span></span></span></p>



<p style=""margin-bottom:11px""><span style=""font-size:11pt""><span style=""line-height:107%""><span style=""font-family:Calibri,sans-serif"">Falls es Fragen oder Unklarheiten gibt, dann teilt die uns gerne mit! </span></span></span></p>

<span style=""font-size:11.0pt""><span style=""line-height:107%""><span style=""font-family:&quot;Calibri&quot;,sans-serif"">Wir w√ºnschen Euch viel Erfolg! <emoji id=""2728_sparkles"" alt=""‚ú®"" title=""""></emoji></span></span></span></div>
</div>
</div>
</div>"
18,1699826200322,systemEventMessage,,,19:MTP6F7PpBHQppT772Jw9btbAF9EedfSASRD04EqnoFI1@thread.tacv2,normal,https://teams.microsoft.com/l/message/19%3AMTP6F7PpBHQppT772Jw9btbAF9EedfSASRD04EqnoFI1%40thread.tacv2/1699826200322?groupId=991bc98e-b4e5-4035-a19c-7b6d774411c1&tenantId=b79162dc-8d04-44f6-b3b2-c5a1d0b1b9a1&createdTime=1699826200322&parentMessageId=1699826200322,,html,<systemEventMessage/>
19,1699604381645,message,,,19:MTP6F7PpBHQppT772Jw9btbAF9EedfSASRD04EqnoFI1@thread.tacv2,normal,https://teams.microsoft.com/l/message/19%3AMTP6F7PpBHQppT772Jw9btbAF9EedfSASRD04EqnoFI1%40thread.tacv2/1699604381645?groupId=991bc98e-b4e5-4035-a19c-7b6d774411c1&tenantId=b79162dc-8d04-44f6-b3b2-c5a1d0b1b9a1&createdTime=1699604381645&parentMessageId=1699604381645,76e9a00d-4e7a-4219-b027-bcfa50d073c7,html,"<div><div><at id=""0"">Allgemein</at>&nbsp;Liebe Gruppen,&nbsp;</div>

<div>wir n√§hern uns dem Ende der ersten Aufgabe und so langsam solltet Ihr Euren Gruppenvertrag sowie das dazugeh√∂rige Reflexionsvideo fertigstellen. Wir w√ºrden Euch daher bitten, innerhalb Eurer Gruppe in Teams einen Ordner ""Abgabe"" zu erstellen, in dem&nbsp;Ihr (auch zuk√ºnftig) Eure Ergebnisse und Artefakte reinlegt. F√ºr die erste Task w√§re das also in dem Fall der&nbsp;finale&nbsp;Gruppenvertrag sowie das Reflexionsvideo.&nbsp;</div>

<div>(Ein kleiner Hinweis: Eure Reflexionsvideos m√ºssen nicht in englisch sein, Ihr k√∂nnt diese auch in deutsch verfassen!)&nbsp;</div>

<div>&nbsp;</div>

<div>Am Montag bekommt Ihr dann (in asynchroner Form) neuen Input f√ºr die n√§chste Aufgabe und einen Einblick in die Fallstudie der ""Fabe University"". <emoji id=""smile"" alt=""üôÇ"" title=""""></emoji>&nbsp;</div>

<div>&nbsp;</div>

<div>Bei Fragen und Anregungen k√∂nnt Ihr Euch gerne an Anne oder auch an mich wenden.&nbsp;</div>

<div>Wir w√ºnschen Euch allen ein sch√∂nes Wochenende!</div>
</div>"
0,1699002608113,message,,,19:MTP6F7PpBHQppT772Jw9btbAF9EedfSASRD04EqnoFI1@thread.tacv2,normal,https://teams.microsoft.com/l/message/19%3AMTP6F7PpBHQppT772Jw9btbAF9EedfSASRD04EqnoFI1%40thread.tacv2/1699002608113?groupId=991bc98e-b4e5-4035-a19c-7b6d774411c1&tenantId=b79162dc-8d04-44f6-b3b2-c5a1d0b1b9a1&createdTime=1699002608113&parentMessageId=1699002608113,798bca91-b8d6-4ac6-8109-39bae470d23f,html,"<div><div>
<div>
<div>
<div>
<div>

<p><at id=""0"">Allgemein</at> An alle Gruppen: bitte kommt mit Terminvorschl√§gen f√ºr Konsultationen auf mich zu.</p>



<p>&nbsp;</p>



<p>M√∂gliche Slots:</p>



<p>Mi <s>8-10; 11-13</s>; 16-<emoji id=""1f303_nightwithstars"" alt=""üåÉ"" title=""""></emoji></p>



<p>Do 11.30-13; <s>16-üåå</s></p>



<p>Fr <s>8-9</s>; 11-12.30</p>



<p>&nbsp;</p>



<p>Gr√º√üe</p>

</div>
</div>
</div>
</div>
</div>
</div>"
1,1699365545583,systemEventMessage,,,19:MTP6F7PpBHQppT772Jw9btbAF9EedfSASRD04EqnoFI1@thread.tacv2,normal,https://teams.microsoft.com/l/message/19%3AMTP6F7PpBHQppT772Jw9btbAF9EedfSASRD04EqnoFI1%40thread.tacv2/1699365545583?groupId=991bc98e-b4e5-4035-a19c-7b6d774411c1&tenantId=b79162dc-8d04-44f6-b3b2-c5a1d0b1b9a1&createdTime=1699365545583&parentMessageId=1699365545583,,html,<systemEventMessage/>
2,1699365300714,systemEventMessage,,,19:MTP6F7PpBHQppT772Jw9btbAF9EedfSASRD04EqnoFI1@thread.tacv2,normal,https://teams.microsoft.com/l/message/19%3AMTP6F7PpBHQppT772Jw9btbAF9EedfSASRD04EqnoFI1%40thread.tacv2/1699365300714?groupId=991bc98e-b4e5-4035-a19c-7b6d774411c1&tenantId=b79162dc-8d04-44f6-b3b2-c5a1d0b1b9a1&createdTime=1699365300714&parentMessageId=1699365300714,,html,<systemEventMessage/>
3,1699364929792,systemEventMessage,,,19:MTP6F7PpBHQppT772Jw9btbAF9EedfSASRD04EqnoFI1@thread.tacv2,normal,https://teams.microsoft.com/l/message/19%3AMTP6F7PpBHQppT772Jw9btbAF9EedfSASRD04EqnoFI1%40thread.tacv2/1699364929792?groupId=991bc98e-b4e5-4035-a19c-7b6d774411c1&tenantId=b79162dc-8d04-44f6-b3b2-c5a1d0b1b9a1&createdTime=1699364929792&parentMessageId=1699364929792,,html,<systemEventMessage/>
4,1699364106688,systemEventMessage,,,19:MTP6F7PpBHQppT772Jw9btbAF9EedfSASRD04EqnoFI1@thread.tacv2,normal,https://teams.microsoft.com/l/message/19%3AMTP6F7PpBHQppT772Jw9btbAF9EedfSASRD04EqnoFI1%40thread.tacv2/1699364106688?groupId=991bc98e-b4e5-4035-a19c-7b6d774411c1&tenantId=b79162dc-8d04-44f6-b3b2-c5a1d0b1b9a1&createdTime=1699364106688&parentMessageId=1699364106688,,html,<systemEventMessage/>
5,1698686535847,systemEventMessage,,,19:MTP6F7PpBHQppT772Jw9btbAF9EedfSASRD04EqnoFI1@thread.tacv2,normal,https://teams.microsoft.com/l/message/19%3AMTP6F7PpBHQppT772Jw9btbAF9EedfSASRD04EqnoFI1%40thread.tacv2/1698686535847?groupId=991bc98e-b4e5-4035-a19c-7b6d774411c1&tenantId=b79162dc-8d04-44f6-b3b2-c5a1d0b1b9a1&createdTime=1698686535847&parentMessageId=1698686535847,,html,<systemEventMessage/>
6,1696836225278,message,Willkommen!!,,19:MTP6F7PpBHQppT772Jw9btbAF9EedfSASRD04EqnoFI1@thread.tacv2,normal,https://teams.microsoft.com/l/message/19%3AMTP6F7PpBHQppT772Jw9btbAF9EedfSASRD04EqnoFI1%40thread.tacv2/1696836225278?groupId=991bc98e-b4e5-4035-a19c-7b6d774411c1&tenantId=b79162dc-8d04-44f6-b3b2-c5a1d0b1b9a1&createdTime=1696836225278&parentMessageId=1696836225278,798bca91-b8d6-4ac6-8109-39bae470d23f,html,"<div>
<div itemprop=""copy-paste-block"">
<div>
<div>
<div>

<div itemprop=""copy-paste-block"">
<div>

<div itemprop=""copy-paste-block"">

<div itemprop=""copy-paste-block"">

<div itemprop=""copy-paste-block"">
<div><span style=""font-size:inherit""></span>

<p style=""text-align:justify""><span style=""font-size:11pt""><span style=""line-height:normal""><span style=""font-family:Calibri,sans-serif""><span lang=""DE"" style=""font-size:12.0pt""><span style=""font-family:&quot;Calibri Light&quot;,sans-serif"">English below<span style=""color:#ec8f45""></span></span></span></span></span></span></p>



<p style=""text-align:justify"">----------------------------------</p>



<p style=""text-align:justify"">&nbsp;</p>



<h2 style=""text-align:justify""><emoji id=""1f44b_wavinghand"" alt=""üëã"" title=""""></emoji>Sie sind angekommen in MS Teams - und ganz genau richtig hier im Kurs <strong><span style=""color:#b197cb"">F</span><span style=""color:#b197cb"">√ºhrerschein f√ºr Digitalkompetenzen</span></strong>.<emoji id=""1f44b_wavinghand"" alt=""üëã"" title=""""></emoji></h2>



<p style=""text-align:justify"">&nbsp;</p>



<p style=""text-align:justify"">Hier finden Sie die wichtigsten Fakten f√ºr den Kurs als Vorbereitung vor dem&nbsp;Kick Off:</p>



<p style=""text-align:justify"">&nbsp;</p>



<ul>

	
<li style=""text-align:justify"">
	<div><span style=""font-size:inherit""><emoji id=""flaginhole"" alt=""‚õ≥"" title=""""></emoji>&nbsp;Kick Off findet am 30. Oktober 16:40 Uhr&nbsp;hier in MS Teams statt - folgen Sie diesem <a href=""https://teams.microsoft.com/l/meetup-join/19%3aMTP6F7PpBHQppT772Jw9btbAF9EedfSASRD04EqnoFI1%40thread.tacv2/1698051066175?context=%7b%22Tid%22%3a%22b79162dc-8d04-44f6-b3b2-c5a1d0b1b9a1%22%2c%22Oid%22%3a%22798bca91-b8d6-4ac6-8109-39bae470d23f%22%7d"" rel=""noreferrer noopener"" target=""_blank"" title=""https://teams.microsoft.com/l/meetup-join/19%3amtp6f7ppbhqppt772jw9btbaf9eedfsasrd04eqnofi1%40thread.tacv2/1698051066175?context=%7b%22tid%22%3a%22b79162dc-8d04-44f6-b3b2-c5a1d0b1b9a1%22%2c%22oid%22%3a%22798bca91-b8d6-4ac6-8109-39bae470d23f%22%7d"">Link</a></span></div>
	</li>
	
<li style=""text-align:justify"">
	<div><span style=""font-size:inherit""><emoji id=""fistbump"" alt=""ü§úü§õ"" title=""""></emoji>&nbsp;Hier in Teams werden Sie <strong>nach </strong>dem</span><span style=""font-size:inherit"">&nbsp;Kick Off gemeinsam mit Ihren Gruppenmitgliedern in einen eigenen Kanal eingeladen, in dem Sie teamintern arbeiten k√∂nnen - dort finden Sie M√∂glichkeiten f√ºr Chats, Dokumenten Management, Notizb√ºcher, Kalender und vieles mehr</span></div>
	</li>
	
<li style=""text-align:justify"">
	<div><emoji id=""1f5e3_speakingheadinsilhouette"" alt=""üó£Ô∏è"" title=""""></emoji>&nbsp;Sie k√∂nnen mich gerne direkt hier in Teams ansprechen, in dem Sie mir eine Nachricht schreiben oder hier als neuen Post ein √∂ffentliche Frage mit @ an mich richten</div>
	</li>
	
<li style=""text-align:justify"">
	<div>wenn Sie das gelesen haben - bitte reagieren Sie irgendwie auf diesen Post damit ich sehen kann, dass alles l√§uft. <emoji id=""like"" alt=""üëç"" title=""""></emoji></div>
	</li>
</ul>


<div>Viel Spa√ü!</div>

<div>&nbsp;</div>

<div>-----------------------------------</div>

<div>&nbsp;</div>


<div style=""text-align:justify"">
<div><strong><emoji id=""1f44b_wavinghand"" alt=""üëã"" title=""""></emoji>You have arrived in MS Teams - and you are exactly right here in the course <span style=""color:#b197cb"">License for digital competence</span>. <emoji id=""1f44b_wavinghand"" alt=""üëã"" title=""""></emoji></strong></div>

<div>&nbsp;</div>

<div>Here are the key facts for the course in preparation before the Kick Off:</div>

<div>&nbsp;</div>


<ul>

	
<li><span style=""font-size:inherit""><emoji id=""flaginhole"" alt=""‚õ≥"" title=""""></emoji>‚Äã&nbsp;</span>Kick Off will take place on 30 October <span style=""font-size:inherit"">16:40</span> here in MS Teams - follow this <a href=""https://teams.microsoft.com/l/meetup-join/19%3aMTP6F7PpBHQppT772Jw9btbAF9EedfSASRD04EqnoFI1%40thread.tacv2/1698051066175?context=%7b%22Tid%22%3a%22b79162dc-8d04-44f6-b3b2-c5a1d0b1b9a1%22%2c%22Oid%22%3a%22798bca91-b8d6-4ac6-8109-39bae470d23f%22%7d"" rel=""noreferrer noopener"" target=""_blank"" title=""https://teams.microsoft.com/l/meetup-join/19%3amtp6f7ppbhqppt772jw9btbaf9eedfsasrd04eqnofi1%40thread.tacv2/1698051066175?context=%7b%22tid%22%3a%22b79162dc-8d04-44f6-b3b2-c5a1d0b1b9a1%22%2c%22oid%22%3a%22798bca91-b8d6-4ac6-8109-39bae470d23f%22%7d"">link</a></li>
	
<li><span style=""font-size:inherit""><emoji id=""fistbump"" alt=""ü§úü§õ"" title=""""></emoji>‚Äã </span> Here in Teams, <strong>after </strong>the Kick Off, you and your group members will be invited to a dedicated channel where you can work intra-team - there you will find options for chats, document management, notebooks, calendars, and more</li>
	
<li><emoji id=""1f5e3_speakingheadinsilhouette"" alt=""üó£Ô∏è"" title=""""></emoji>‚Äã You are welcome to contact me directly here in Teams by writing me a message or by sending me a public question with @ as a new post here</li>
	
<li>please react to this post when you read it so I can see if everything works <emoji id=""like"" alt=""üëç"" title=""""></emoji>‚Äã</li>
</ul>


<div>&nbsp;</div>

<div>Have fun!</div>
</div>


<p style=""text-align:justify""><span style=""font-size:11pt""><span style=""line-height:normal""><span style=""font-family:Calibri,sans-serif""><span lang=""DE"" style=""font-size:12.0pt""><span style=""font-family:&quot;Calibri Light&quot;,sans-serif""></span></span></span></span></span></p>



<p style=""margin-bottom:11px; text-align:justify""><span style=""font-size:11pt""><span style=""line-height:107%""><span style=""font-family:Calibri,sans-serif""><span style=""font-size:12.0pt""><span style=""line-height:107%""><span style=""font-family:&quot;Calibri Light&quot;,sans-serif""></span></span></span></span></span></span></p>

</div>


<div style=""font-size:16px""><span style=""font-size:inherit""></span></div>
</div>
</div>
</div>
</div>
</div>
</div>
</div>
</div>
</div>
</div>"
7,1698051066175,message,,,19:MTP6F7PpBHQppT772Jw9btbAF9EedfSASRD04EqnoFI1@thread.tacv2,normal,https://teams.microsoft.com/l/message/19%3AMTP6F7PpBHQppT772Jw9btbAF9EedfSASRD04EqnoFI1%40thread.tacv2/1698051066175?groupId=991bc98e-b4e5-4035-a19c-7b6d774411c1&tenantId=b79162dc-8d04-44f6-b3b2-c5a1d0b1b9a1&createdTime=1698051066175&parentMessageId=1698051066175,798bca91-b8d6-4ac6-8109-39bae470d23f,html,"<p>Wir werden im Kick Off folgenden Themen behandeln:</p>
<ol>
<li>Mo<span style=""font-size:inherit"">tivation
</span></li><li><span style=""font-size:inherit"">Digital Skills
</span></li><li><span style=""font-size:inherit"">Blended Learning
</span></li><li><span style=""font-size:inherit"">Virtual Collaborative Learning
</span></li><li><span style=""font-size:inherit"">Case Study
</span></li><li><span style=""font-size:inherit"">Timeline of the Course</span></li><li><span style=""font-size:inherit"">Learning Goals</span></li><li><span style=""font-size:inherit"">Expectations</span></li><li><span style=""font-size:inherit"">Groups</span></li><li><span style=""font-size:inherit"">Questions</span></li></ol><attachment id=""1698051072241""></attachment>"
8,1698408799788,systemEventMessage,,,19:MTP6F7PpBHQppT772Jw9btbAF9EedfSASRD04EqnoFI1@thread.tacv2,normal,https://teams.microsoft.com/l/message/19%3AMTP6F7PpBHQppT772Jw9btbAF9EedfSASRD04EqnoFI1%40thread.tacv2/1698408799788?groupId=991bc98e-b4e5-4035-a19c-7b6d774411c1&tenantId=b79162dc-8d04-44f6-b3b2-c5a1d0b1b9a1&createdTime=1698408799788&parentMessageId=1698408799788,,html,<systemEventMessage/>
9,1698406268232,systemEventMessage,,,19:MTP6F7PpBHQppT772Jw9btbAF9EedfSASRD04EqnoFI1@thread.tacv2,normal,https://teams.microsoft.com/l/message/19%3AMTP6F7PpBHQppT772Jw9btbAF9EedfSASRD04EqnoFI1%40thread.tacv2/1698406268232?groupId=991bc98e-b4e5-4035-a19c-7b6d774411c1&tenantId=b79162dc-8d04-44f6-b3b2-c5a1d0b1b9a1&createdTime=1698406268232&parentMessageId=1698406268232,,html,<systemEventMessage/>
10,1698406229987,systemEventMessage,,,19:MTP6F7PpBHQppT772Jw9btbAF9EedfSASRD04EqnoFI1@thread.tacv2,normal,https://teams.microsoft.com/l/message/19%3AMTP6F7PpBHQppT772Jw9btbAF9EedfSASRD04EqnoFI1%40thread.tacv2/1698406229987?groupId=991bc98e-b4e5-4035-a19c-7b6d774411c1&tenantId=b79162dc-8d04-44f6-b3b2-c5a1d0b1b9a1&createdTime=1698406229987&parentMessageId=1698406229987,,html,<systemEventMessage/>
11,1698047824096,message,Important Links and Infos:,,19:MTP6F7PpBHQppT772Jw9btbAF9EedfSASRD04EqnoFI1@thread.tacv2,normal,https://teams.microsoft.com/l/message/19%3AMTP6F7PpBHQppT772Jw9btbAF9EedfSASRD04EqnoFI1%40thread.tacv2/1698047824096?groupId=991bc98e-b4e5-4035-a19c-7b6d774411c1&tenantId=b79162dc-8d04-44f6-b3b2-c5a1d0b1b9a1&createdTime=1698047824096&parentMessageId=1698047824096,798bca91-b8d6-4ac6-8109-39bae470d23f,html,"<div><div><a href=""https://miro.com/welcomeonboard/YVBaMlFtVGU3bU14YndxR3EwdFk0dkpUWkdLYkJHWldSWGtiNUpjbHZCTUlqMW5zRUJGdFJjTUZQc0xQUVVGNnwzMDc0NDU3MzU5MzEzMjgxNDgxfDI=?share_link_id=371181781335"" rel=""noreferrer noopener"" target=""_blank"" title=""https://miro.com/welcomeonboard/yvbamlftvgu3bu14yndxr3ewdfk0dkpuwkdlykjhwldswgtinupjbhzctulqmw5zrujgdfjjtuzqc0xquvvgnnwzmdc0ndu3mzu5mzezmjgxndgxfdi=?share_link_id=371181781335"">Miro Board</a></div>

<div><a href=""https://videocampus.sachsen.de/video/virtual-collaborative-learning-vcl-a-short-intro/7a6e60223e2c03fc41a9b8dd8254b075"" rel=""noreferrer noopener"" target=""_blank"" title=""https://videocampus.sachsen.de/video/virtual-collaborative-learning-vcl-a-short-intro/7a6e60223e2c03fc41a9b8dd8254b075"">VCL Info Video</a></div>
</div><attachment id=""2c901ae3-913f-47b9-b017-2f6e3c2f475d""></attachment>"
12,1698064086410,systemEventMessage,,,19:MTP6F7PpBHQppT772Jw9btbAF9EedfSASRD04EqnoFI1@thread.tacv2,normal,https://teams.microsoft.com/l/message/19%3AMTP6F7PpBHQppT772Jw9btbAF9EedfSASRD04EqnoFI1%40thread.tacv2/1698064086410?groupId=991bc98e-b4e5-4035-a19c-7b6d774411c1&tenantId=b79162dc-8d04-44f6-b3b2-c5a1d0b1b9a1&createdTime=1698064086410&parentMessageId=1698064086410,,html,<systemEventMessage/>
13,1698064075521,systemEventMessage,,,19:MTP6F7PpBHQppT772Jw9btbAF9EedfSASRD04EqnoFI1@thread.tacv2,normal,https://teams.microsoft.com/l/message/19%3AMTP6F7PpBHQppT772Jw9btbAF9EedfSASRD04EqnoFI1%40thread.tacv2/1698064075521?groupId=991bc98e-b4e5-4035-a19c-7b6d774411c1&tenantId=b79162dc-8d04-44f6-b3b2-c5a1d0b1b9a1&createdTime=1698064075521&parentMessageId=1698064075521,,html,<systemEventMessage/>
14,1696924248376,systemEventMessage,,,19:MTP6F7PpBHQppT772Jw9btbAF9EedfSASRD04EqnoFI1@thread.tacv2,normal,https://teams.microsoft.com/l/message/19%3AMTP6F7PpBHQppT772Jw9btbAF9EedfSASRD04EqnoFI1%40thread.tacv2/1696924248376?groupId=991bc98e-b4e5-4035-a19c-7b6d774411c1&tenantId=b79162dc-8d04-44f6-b3b2-c5a1d0b1b9a1&createdTime=1696924248376&parentMessageId=1696924248376,,html,<systemEventMessage/>
15,1696924234650,systemEventMessage,,,19:MTP6F7PpBHQppT772Jw9btbAF9EedfSASRD04EqnoFI1@thread.tacv2,normal,https://teams.microsoft.com/l/message/19%3AMTP6F7PpBHQppT772Jw9btbAF9EedfSASRD04EqnoFI1%40thread.tacv2/1696924234650?groupId=991bc98e-b4e5-4035-a19c-7b6d774411c1&tenantId=b79162dc-8d04-44f6-b3b2-c5a1d0b1b9a1&createdTime=1696924234650&parentMessageId=1696924234650,,html,<systemEventMessage/>
0,1696835953712,systemEventMessage,,,19:MTP6F7PpBHQppT772Jw9btbAF9EedfSASRD04EqnoFI1@thread.tacv2,normal,https://teams.microsoft.com/l/message/19%3AMTP6F7PpBHQppT772Jw9btbAF9EedfSASRD04EqnoFI1%40thread.tacv2/1696835953712?groupId=991bc98e-b4e5-4035-a19c-7b6d774411c1&tenantId=b79162dc-8d04-44f6-b3b2-c5a1d0b1b9a1&createdTime=1696835953712&parentMessageId=1696835953712,,html,<systemEventMessage/>
1,1696835863213,systemEventMessage,,,19:MTP6F7PpBHQppT772Jw9btbAF9EedfSASRD04EqnoFI1@thread.tacv2,normal,https://teams.microsoft.com/l/message/19%3AMTP6F7PpBHQppT772Jw9btbAF9EedfSASRD04EqnoFI1%40thread.tacv2/1696835863213?groupId=991bc98e-b4e5-4035-a19c-7b6d774411c1&tenantId=b79162dc-8d04-44f6-b3b2-c5a1d0b1b9a1&createdTime=1696835863213&parentMessageId=1696835863213,,html,<systemEventMessage/>
2,1696835791839,systemEventMessage,,,19:MTP6F7PpBHQppT772Jw9btbAF9EedfSASRD04EqnoFI1@thread.tacv2,normal,https://teams.microsoft.com/l/message/19%3AMTP6F7PpBHQppT772Jw9btbAF9EedfSASRD04EqnoFI1%40thread.tacv2/1696835791839?groupId=991bc98e-b4e5-4035-a19c-7b6d774411c1&tenantId=b79162dc-8d04-44f6-b3b2-c5a1d0b1b9a1&createdTime=1696835791839&parentMessageId=1696835791839,,html,<systemEventMessage/>
3,1696835785681,systemEventMessage,,,19:MTP6F7PpBHQppT772Jw9btbAF9EedfSASRD04EqnoFI1@thread.tacv2,normal,https://teams.microsoft.com/l/message/19%3AMTP6F7PpBHQppT772Jw9btbAF9EedfSASRD04EqnoFI1%40thread.tacv2/1696835785681?groupId=991bc98e-b4e5-4035-a19c-7b6d774411c1&tenantId=b79162dc-8d04-44f6-b3b2-c5a1d0b1b9a1&createdTime=1696835785681&parentMessageId=1696835785681,,html,<systemEventMessage/>
4,1696835680825,systemEventMessage,,,19:MTP6F7PpBHQppT772Jw9btbAF9EedfSASRD04EqnoFI1@thread.tacv2,normal,https://teams.microsoft.com/l/message/19%3AMTP6F7PpBHQppT772Jw9btbAF9EedfSASRD04EqnoFI1%40thread.tacv2/1696835680825?groupId=991bc98e-b4e5-4035-a19c-7b6d774411c1&tenantId=b79162dc-8d04-44f6-b3b2-c5a1d0b1b9a1&createdTime=1696835680825&parentMessageId=1696835680825,,html,<systemEventMessage/>
5,1696835662598,systemEventMessage,,,19:MTP6F7PpBHQppT772Jw9btbAF9EedfSASRD04EqnoFI1@thread.tacv2,normal,https://teams.microsoft.com/l/message/19%3AMTP6F7PpBHQppT772Jw9btbAF9EedfSASRD04EqnoFI1%40thread.tacv2/1696835662598?groupId=991bc98e-b4e5-4035-a19c-7b6d774411c1&tenantId=b79162dc-8d04-44f6-b3b2-c5a1d0b1b9a1&createdTime=1696835662598&parentMessageId=1696835662598,,html,<systemEventMessage/>
