,id,display_name,created_date_time,description,membership_type,web_url,group_id
0,19:0bb5b1c31da94f14b2747639f6a2adee@thread.tacv2,Projekt-Koordination,2023-10-16T14:17:18.203Z,,standard,https://teams.microsoft.com/l/channel/19%3A0bb5b1c31da94f14b2747639f6a2adee%40thread.tacv2/Projekt-Koordination?groupId=cbed6e4f-76e6-476b-b346-920747261ff6&tenantId=b79162dc-8d04-44f6-b3b2-c5a1d0b1b9a1&allowXTenantAccess=True,cbed6e4f-76e6-476b-b346-920747261ff6
1,19:1ba2897e07894519b4a54c3313b639ea@thread.tacv2,A0,2023-10-11T18:15:46.802Z,,standard,https://teams.microsoft.com/l/channel/19%3A1ba2897e07894519b4a54c3313b639ea%40thread.tacv2/A0?groupId=cbed6e4f-76e6-476b-b346-920747261ff6&tenantId=b79162dc-8d04-44f6-b3b2-c5a1d0b1b9a1&allowXTenantAccess=True,cbed6e4f-76e6-476b-b346-920747261ff6
2,19:239c1215ca96495f88622dcaeb1ca137@thread.tacv2,C1,2023-11-20T13:36:59.275Z,,standard,https://teams.microsoft.com/l/channel/19%3A239c1215ca96495f88622dcaeb1ca137%40thread.tacv2/C1?groupId=cbed6e4f-76e6-476b-b346-920747261ff6&tenantId=b79162dc-8d04-44f6-b3b2-c5a1d0b1b9a1&allowXTenantAccess=True,cbed6e4f-76e6-476b-b346-920747261ff6
3,19:295cf484dfc74070bf9efe6b117dca31@thread.tacv2,A2,2023-10-23T15:17:05.559Z,,standard,https://teams.microsoft.com/l/channel/19%3A295cf484dfc74070bf9efe6b117dca31%40thread.tacv2/A2?groupId=cbed6e4f-76e6-476b-b346-920747261ff6&tenantId=b79162dc-8d04-44f6-b3b2-c5a1d0b1b9a1&allowXTenantAccess=True,cbed6e4f-76e6-476b-b346-920747261ff6
4,19:3bfe39ab0a1a4b8599496ef156b6e658@thread.tacv2,E-Tutorin,2023-10-11T18:15:35.671Z,,standard,https://teams.microsoft.com/l/channel/19%3A3bfe39ab0a1a4b8599496ef156b6e658%40thread.tacv2/E-Tutorin?groupId=cbed6e4f-76e6-476b-b346-920747261ff6&tenantId=b79162dc-8d04-44f6-b3b2-c5a1d0b1b9a1&allowXTenantAccess=True,cbed6e4f-76e6-476b-b346-920747261ff6
5,19:40bb0e1bd9f1469ebbdef21476978dcc@thread.tacv2,B3,2023-11-14T10:01:05.799Z,,standard,https://teams.microsoft.com/l/channel/19%3A40bb0e1bd9f1469ebbdef21476978dcc%40thread.tacv2/B3?groupId=cbed6e4f-76e6-476b-b346-920747261ff6&tenantId=b79162dc-8d04-44f6-b3b2-c5a1d0b1b9a1&allowXTenantAccess=True,cbed6e4f-76e6-476b-b346-920747261ff6
6,19:5dfdf0721b664d1c9b1959a6d499a18d@thread.tacv2,C2,2023-11-28T09:26:08.59Z,,standard,https://teams.microsoft.com/l/channel/19%3A5dfdf0721b664d1c9b1959a6d499a18d%40thread.tacv2/C2?groupId=cbed6e4f-76e6-476b-b346-920747261ff6&tenantId=b79162dc-8d04-44f6-b3b2-c5a1d0b1b9a1&allowXTenantAccess=True,cbed6e4f-76e6-476b-b346-920747261ff6
7,19:bf948d73782b4e1083b64658b5aaf95b@thread.tacv2,Finale Abgaben,2023-10-16T13:52:12.366Z,,standard,https://teams.microsoft.com/l/channel/19%3Abf948d73782b4e1083b64658b5aaf95b%40thread.tacv2/Finale%20Abgaben?groupId=cbed6e4f-76e6-476b-b346-920747261ff6&tenantId=b79162dc-8d04-44f6-b3b2-c5a1d0b1b9a1&allowXTenantAccess=True,cbed6e4f-76e6-476b-b346-920747261ff6
8,19:db63db7e80694348884c3d5cce9e4c2d@thread.tacv2,B1,2023-10-29T13:15:33.032Z,,standard,https://teams.microsoft.com/l/channel/19%3Adb63db7e80694348884c3d5cce9e4c2d%40thread.tacv2/B1?groupId=cbed6e4f-76e6-476b-b346-920747261ff6&tenantId=b79162dc-8d04-44f6-b3b2-c5a1d0b1b9a1&allowXTenantAccess=True,cbed6e4f-76e6-476b-b346-920747261ff6
9,19:e45026b7a34a416d8754d12991513b5c@thread.tacv2,B2,2023-11-06T18:58:20.571Z,,standard,https://teams.microsoft.com/l/channel/19%3Ae45026b7a34a416d8754d12991513b5c%40thread.tacv2/B2?groupId=cbed6e4f-76e6-476b-b346-920747261ff6&tenantId=b79162dc-8d04-44f6-b3b2-c5a1d0b1b9a1&allowXTenantAccess=True,cbed6e4f-76e6-476b-b346-920747261ff6
10,19:f05b8f6398ad4dd69d749fbe0096116a@thread.tacv2,A1,2023-10-11T20:15:07.593Z,,standard,https://teams.microsoft.com/l/channel/19%3Af05b8f6398ad4dd69d749fbe0096116a%40thread.tacv2/A1?groupId=cbed6e4f-76e6-476b-b346-920747261ff6&tenantId=b79162dc-8d04-44f6-b3b2-c5a1d0b1b9a1&allowXTenantAccess=True,cbed6e4f-76e6-476b-b346-920747261ff6
11,19:oprBJ970CMUD3wbwjySZUeI7To0uBvPxuzrPD4iC6oc1@thread.tacv2,General,2023-09-21T09:39:09.232Z,G2 FIVR 23/24,standard,https://teams.microsoft.com/l/channel/19%3AoprBJ970CMUD3wbwjySZUeI7To0uBvPxuzrPD4iC6oc1%40thread.tacv2/G2%20FIVR%2023%2F24?groupId=cbed6e4f-76e6-476b-b346-920747261ff6&tenantId=b79162dc-8d04-44f6-b3b2-c5a1d0b1b9a1&allowXTenantAccess=True,cbed6e4f-76e6-476b-b346-920747261ff6
12,19:0bb5b1c31da94f14b2747639f6a2adee@thread.tacv2,Projekt-Koordination,2023-10-16T14:17:18.203Z,,standard,https://teams.microsoft.com/l/channel/19%3A0bb5b1c31da94f14b2747639f6a2adee%40thread.tacv2/Projekt-Koordination?groupId=cbed6e4f-76e6-476b-b346-920747261ff6&tenantId=b79162dc-8d04-44f6-b3b2-c5a1d0b1b9a1&allowXTenantAccess=True&ngc=True,cbed6e4f-76e6-476b-b346-920747261ff6
13,19:1ba2897e07894519b4a54c3313b639ea@thread.tacv2,A0,2023-10-11T18:15:46.802Z,,standard,https://teams.microsoft.com/l/channel/19%3A1ba2897e07894519b4a54c3313b639ea%40thread.tacv2/A0?groupId=cbed6e4f-76e6-476b-b346-920747261ff6&tenantId=b79162dc-8d04-44f6-b3b2-c5a1d0b1b9a1&allowXTenantAccess=True&ngc=True,cbed6e4f-76e6-476b-b346-920747261ff6
14,19:239c1215ca96495f88622dcaeb1ca137@thread.tacv2,C1,2023-11-20T13:36:59.275Z,,standard,https://teams.microsoft.com/l/channel/19%3A239c1215ca96495f88622dcaeb1ca137%40thread.tacv2/C1?groupId=cbed6e4f-76e6-476b-b346-920747261ff6&tenantId=b79162dc-8d04-44f6-b3b2-c5a1d0b1b9a1&allowXTenantAccess=True&ngc=True,cbed6e4f-76e6-476b-b346-920747261ff6
15,19:295cf484dfc74070bf9efe6b117dca31@thread.tacv2,A2,2023-10-23T15:17:05.559Z,,standard,https://teams.microsoft.com/l/channel/19%3A295cf484dfc74070bf9efe6b117dca31%40thread.tacv2/A2?groupId=cbed6e4f-76e6-476b-b346-920747261ff6&tenantId=b79162dc-8d04-44f6-b3b2-c5a1d0b1b9a1&allowXTenantAccess=True&ngc=True,cbed6e4f-76e6-476b-b346-920747261ff6
16,19:3bfe39ab0a1a4b8599496ef156b6e658@thread.tacv2,E-Tutorin,2023-10-11T18:15:35.671Z,,standard,https://teams.microsoft.com/l/channel/19%3A3bfe39ab0a1a4b8599496ef156b6e658%40thread.tacv2/E-Tutorin?groupId=cbed6e4f-76e6-476b-b346-920747261ff6&tenantId=b79162dc-8d04-44f6-b3b2-c5a1d0b1b9a1&allowXTenantAccess=True&ngc=True,cbed6e4f-76e6-476b-b346-920747261ff6
17,19:40bb0e1bd9f1469ebbdef21476978dcc@thread.tacv2,B3,2023-11-14T10:01:05.799Z,,standard,https://teams.microsoft.com/l/channel/19%3A40bb0e1bd9f1469ebbdef21476978dcc%40thread.tacv2/B3?groupId=cbed6e4f-76e6-476b-b346-920747261ff6&tenantId=b79162dc-8d04-44f6-b3b2-c5a1d0b1b9a1&allowXTenantAccess=True&ngc=True,cbed6e4f-76e6-476b-b346-920747261ff6
18,19:5dfdf0721b664d1c9b1959a6d499a18d@thread.tacv2,C2,2023-11-28T09:26:08.59Z,,standard,https://teams.microsoft.com/l/channel/19%3A5dfdf0721b664d1c9b1959a6d499a18d%40thread.tacv2/C2?groupId=cbed6e4f-76e6-476b-b346-920747261ff6&tenantId=b79162dc-8d04-44f6-b3b2-c5a1d0b1b9a1&allowXTenantAccess=True&ngc=True,cbed6e4f-76e6-476b-b346-920747261ff6
19,19:bf948d73782b4e1083b64658b5aaf95b@thread.tacv2,Finale Abgaben,2023-10-16T13:52:12.366Z,,standard,https://teams.microsoft.com/l/channel/19%3Abf948d73782b4e1083b64658b5aaf95b%40thread.tacv2/Finale%20Abgaben?groupId=cbed6e4f-76e6-476b-b346-920747261ff6&tenantId=b79162dc-8d04-44f6-b3b2-c5a1d0b1b9a1&allowXTenantAccess=True&ngc=True,cbed6e4f-76e6-476b-b346-920747261ff6
20,19:db63db7e80694348884c3d5cce9e4c2d@thread.tacv2,B1,2023-10-29T13:15:33.032Z,,standard,https://teams.microsoft.com/l/channel/19%3Adb63db7e80694348884c3d5cce9e4c2d%40thread.tacv2/B1?groupId=cbed6e4f-76e6-476b-b346-920747261ff6&tenantId=b79162dc-8d04-44f6-b3b2-c5a1d0b1b9a1&allowXTenantAccess=True&ngc=True,cbed6e4f-76e6-476b-b346-920747261ff6
21,19:e45026b7a34a416d8754d12991513b5c@thread.tacv2,B2,2023-11-06T18:58:20.571Z,,standard,https://teams.microsoft.com/l/channel/19%3Ae45026b7a34a416d8754d12991513b5c%40thread.tacv2/B2?groupId=cbed6e4f-76e6-476b-b346-920747261ff6&tenantId=b79162dc-8d04-44f6-b3b2-c5a1d0b1b9a1&allowXTenantAccess=True&ngc=True,cbed6e4f-76e6-476b-b346-920747261ff6
22,19:f05b8f6398ad4dd69d749fbe0096116a@thread.tacv2,A1,2023-10-11T20:15:07.593Z,,standard,https://teams.microsoft.com/l/channel/19%3Af05b8f6398ad4dd69d749fbe0096116a%40thread.tacv2/A1?groupId=cbed6e4f-76e6-476b-b346-920747261ff6&tenantId=b79162dc-8d04-44f6-b3b2-c5a1d0b1b9a1&allowXTenantAccess=True&ngc=True,cbed6e4f-76e6-476b-b346-920747261ff6
23,19:oprBJ970CMUD3wbwjySZUeI7To0uBvPxuzrPD4iC6oc1@thread.tacv2,General,2023-09-21T09:39:09.232Z,G2 FIVR 23/24,standard,https://teams.microsoft.com/l/channel/19%3AoprBJ970CMUD3wbwjySZUeI7To0uBvPxuzrPD4iC6oc1%40thread.tacv2/G2%20FIVR%2023%2F24?groupId=cbed6e4f-76e6-476b-b346-920747261ff6&tenantId=b79162dc-8d04-44f6-b3b2-c5a1d0b1b9a1&allowXTenantAccess=True&ngc=True,cbed6e4f-76e6-476b-b346-920747261ff6
24,19:2a2b9f992d5746748bdfc74eed5eb434@thread.tacv2,Abgaben,2023-10-13T11:49:18.36Z,Hier geben wir unsere Dokumente ab.,standard,https://teams.microsoft.com/l/channel/19%3A2a2b9f992d5746748bdfc74eed5eb434%40thread.tacv2/Abgaben?groupId=bb7e2188-3282-4e05-a8fe-00caa511bc40&tenantId=b79162dc-8d04-44f6-b3b2-c5a1d0b1b9a1&allowXTenantAccess=True,bb7e2188-3282-4e05-a8fe-00caa511bc40
25,19:31708184bc324466aace7bd837088d56@thread.tacv2,Projektmanagement,2023-10-11T17:19:07.851Z,Hier werden Protokolle und alles rund um das Projekt besprochen und gesammelt.,standard,https://teams.microsoft.com/l/channel/19%3A31708184bc324466aace7bd837088d56%40thread.tacv2/Projektmanagement?groupId=bb7e2188-3282-4e05-a8fe-00caa511bc40&tenantId=b79162dc-8d04-44f6-b3b2-c5a1d0b1b9a1&allowXTenantAccess=True,bb7e2188-3282-4e05-a8fe-00caa511bc40
26,19:3e59d3610fd840569451f6af4336b97a@thread.tacv2,N√ºtzliches,2023-10-24T08:32:06.078Z,,standard,https://teams.microsoft.com/l/channel/19%3A3e59d3610fd840569451f6af4336b97a%40thread.tacv2/N%C3%BCtzliches?groupId=bb7e2188-3282-4e05-a8fe-00caa511bc40&tenantId=b79162dc-8d04-44f6-b3b2-c5a1d0b1b9a1&allowXTenantAccess=True,bb7e2188-3282-4e05-a8fe-00caa511bc40
27,19:78b9549373284c7caa1fa11a419fc39f@thread.tacv2,E-Tutor,2023-10-13T11:49:42.621Z,,standard,https://teams.microsoft.com/l/channel/19%3A78b9549373284c7caa1fa11a419fc39f%40thread.tacv2/E-Tutor?groupId=bb7e2188-3282-4e05-a8fe-00caa511bc40&tenantId=b79162dc-8d04-44f6-b3b2-c5a1d0b1b9a1&allowXTenantAccess=True,bb7e2188-3282-4e05-a8fe-00caa511bc40
28,19:b9a06fc096f8487eac86b30d07e8269d@thread.tacv2,Aufgaben,2023-10-13T13:18:04.923Z,,standard,https://teams.microsoft.com/l/channel/19%3Ab9a06fc096f8487eac86b30d07e8269d%40thread.tacv2/Aufgaben?groupId=bb7e2188-3282-4e05-a8fe-00caa511bc40&tenantId=b79162dc-8d04-44f6-b3b2-c5a1d0b1b9a1&allowXTenantAccess=True,bb7e2188-3282-4e05-a8fe-00caa511bc40
29,19:d-VIzIc2FRxq5IHF65I306xql6yXkWrosXaUYyC6Qd41@thread.tacv2,General,2023-09-21T09:40:14.004Z,G4 FIVR 23/24,standard,https://teams.microsoft.com/l/channel/19%3Ad-VIzIc2FRxq5IHF65I306xql6yXkWrosXaUYyC6Qd41%40thread.tacv2/G4%20FIVR%2023%2F24?groupId=bb7e2188-3282-4e05-a8fe-00caa511bc40&tenantId=b79162dc-8d04-44f6-b3b2-c5a1d0b1b9a1&allowXTenantAccess=True,bb7e2188-3282-4e05-a8fe-00caa511bc40
30,19:2a2b9f992d5746748bdfc74eed5eb434@thread.tacv2,Abgaben,2023-10-13T11:49:18.36Z,Hier geben wir unsere Dokumente ab.,standard,https://teams.microsoft.com/l/channel/19%3A2a2b9f992d5746748bdfc74eed5eb434%40thread.tacv2/Abgaben?groupId=bb7e2188-3282-4e05-a8fe-00caa511bc40&tenantId=b79162dc-8d04-44f6-b3b2-c5a1d0b1b9a1&allowXTenantAccess=True&ngc=True,bb7e2188-3282-4e05-a8fe-00caa511bc40
31,19:31708184bc324466aace7bd837088d56@thread.tacv2,Projektmanagement,2023-10-11T17:19:07.851Z,Hier werden Protokolle und alles rund um das Projekt besprochen und gesammelt.,standard,https://teams.microsoft.com/l/channel/19%3A31708184bc324466aace7bd837088d56%40thread.tacv2/Projektmanagement?groupId=bb7e2188-3282-4e05-a8fe-00caa511bc40&tenantId=b79162dc-8d04-44f6-b3b2-c5a1d0b1b9a1&allowXTenantAccess=True&ngc=True,bb7e2188-3282-4e05-a8fe-00caa511bc40
32,19:3e59d3610fd840569451f6af4336b97a@thread.tacv2,N√ºtzliches,2023-10-24T08:32:06.078Z,,standard,https://teams.microsoft.com/l/channel/19%3A3e59d3610fd840569451f6af4336b97a%40thread.tacv2/N%C3%BCtzliches?groupId=bb7e2188-3282-4e05-a8fe-00caa511bc40&tenantId=b79162dc-8d04-44f6-b3b2-c5a1d0b1b9a1&allowXTenantAccess=True&ngc=True,bb7e2188-3282-4e05-a8fe-00caa511bc40
33,19:78b9549373284c7caa1fa11a419fc39f@thread.tacv2,E-Tutor,2023-10-13T11:49:42.621Z,,standard,https://teams.microsoft.com/l/channel/19%3A78b9549373284c7caa1fa11a419fc39f%40thread.tacv2/E-Tutor?groupId=bb7e2188-3282-4e05-a8fe-00caa511bc40&tenantId=b79162dc-8d04-44f6-b3b2-c5a1d0b1b9a1&allowXTenantAccess=True&ngc=True,bb7e2188-3282-4e05-a8fe-00caa511bc40
34,19:b9a06fc096f8487eac86b30d07e8269d@thread.tacv2,Aufgaben,2023-10-13T13:18:04.923Z,,standard,https://teams.microsoft.com/l/channel/19%3Ab9a06fc096f8487eac86b30d07e8269d%40thread.tacv2/Aufgaben?groupId=bb7e2188-3282-4e05-a8fe-00caa511bc40&tenantId=b79162dc-8d04-44f6-b3b2-c5a1d0b1b9a1&allowXTenantAccess=True&ngc=True,bb7e2188-3282-4e05-a8fe-00caa511bc40
35,19:d-VIzIc2FRxq5IHF65I306xql6yXkWrosXaUYyC6Qd41@thread.tacv2,General,2023-09-21T09:40:14.004Z,G4 FIVR 23/24,standard,https://teams.microsoft.com/l/channel/19%3Ad-VIzIc2FRxq5IHF65I306xql6yXkWrosXaUYyC6Qd41%40thread.tacv2/G4%20FIVR%2023%2F24?groupId=bb7e2188-3282-4e05-a8fe-00caa511bc40&tenantId=b79162dc-8d04-44f6-b3b2-c5a1d0b1b9a1&allowXTenantAccess=True&ngc=True,bb7e2188-3282-4e05-a8fe-00caa511bc40
36,19:229b4893993f475bbb9bdc27a141ac4a@thread.tacv2,Projekt,2023-10-22T19:22:27.91Z,Bearbeitung der Fallstudie,standard,https://teams.microsoft.com/l/channel/19%3A229b4893993f475bbb9bdc27a141ac4a%40thread.tacv2/Projekt?groupId=13e30bac-2a37-4809-b5ed-31d0d7aad2f7&tenantId=b79162dc-8d04-44f6-b3b2-c5a1d0b1b9a1&allowXTenantAccess=True,13e30bac-2a37-4809-b5ed-31d0d7aad2f7
37,19:b101a15918c04960bda642c5c83298d5@thread.tacv2,Aufgabenplanung,2023-10-22T09:40:30.862Z,Planung der Aufgabenverteilung,standard,https://teams.microsoft.com/l/channel/19%3Ab101a15918c04960bda642c5c83298d5%40thread.tacv2/Aufgabenplanung?groupId=13e30bac-2a37-4809-b5ed-31d0d7aad2f7&tenantId=b79162dc-8d04-44f6-b3b2-c5a1d0b1b9a1&allowXTenantAccess=True,13e30bac-2a37-4809-b5ed-31d0d7aad2f7
38,19:CNB0bEjll7Ztnqts6C5CyO640B8ZBxq7qajANOyE5rU1@thread.tacv2,General,2023-09-21T09:37:35.619Z,G1 FIVR 23/24,standard,https://teams.microsoft.com/l/channel/19%3ACNB0bEjll7Ztnqts6C5CyO640B8ZBxq7qajANOyE5rU1%40thread.tacv2/G1%20FIVR%2023%2F24?groupId=13e30bac-2a37-4809-b5ed-31d0d7aad2f7&tenantId=b79162dc-8d04-44f6-b3b2-c5a1d0b1b9a1&allowXTenantAccess=True,13e30bac-2a37-4809-b5ed-31d0d7aad2f7
39,19:e1e025c4ac614716882e9e02ba4a7785@thread.tacv2,E-Tutor,2023-10-11T19:01:58.616Z,,standard,https://teams.microsoft.com/l/channel/19%3Ae1e025c4ac614716882e9e02ba4a7785%40thread.tacv2/E-Tutor?groupId=13e30bac-2a37-4809-b5ed-31d0d7aad2f7&tenantId=b79162dc-8d04-44f6-b3b2-c5a1d0b1b9a1&allowXTenantAccess=True,13e30bac-2a37-4809-b5ed-31d0d7aad2f7
40,19:f3bbf8eb796848eeaacdc2fe04f22205@thread.tacv2,Organisation,2023-10-22T19:22:56.133Z,Planung von Meetings,standard,https://teams.microsoft.com/l/channel/19%3Af3bbf8eb796848eeaacdc2fe04f22205%40thread.tacv2/Organisation?groupId=13e30bac-2a37-4809-b5ed-31d0d7aad2f7&tenantId=b79162dc-8d04-44f6-b3b2-c5a1d0b1b9a1&allowXTenantAccess=True,13e30bac-2a37-4809-b5ed-31d0d7aad2f7
41,19:229b4893993f475bbb9bdc27a141ac4a@thread.tacv2,Projekt,2023-10-22T19:22:27.91Z,Bearbeitung der Fallstudie,standard,https://teams.microsoft.com/l/channel/19%3A229b4893993f475bbb9bdc27a141ac4a%40thread.tacv2/Projekt?groupId=13e30bac-2a37-4809-b5ed-31d0d7aad2f7&tenantId=b79162dc-8d04-44f6-b3b2-c5a1d0b1b9a1&allowXTenantAccess=True&ngc=True,13e30bac-2a37-4809-b5ed-31d0d7aad2f7
42,19:b101a15918c04960bda642c5c83298d5@thread.tacv2,Aufgabenplanung,2023-10-22T09:40:30.862Z,Planung der Aufgabenverteilung,standard,https://teams.microsoft.com/l/channel/19%3Ab101a15918c04960bda642c5c83298d5%40thread.tacv2/Aufgabenplanung?groupId=13e30bac-2a37-4809-b5ed-31d0d7aad2f7&tenantId=b79162dc-8d04-44f6-b3b2-c5a1d0b1b9a1&allowXTenantAccess=True&ngc=True,13e30bac-2a37-4809-b5ed-31d0d7aad2f7
43,19:CNB0bEjll7Ztnqts6C5CyO640B8ZBxq7qajANOyE5rU1@thread.tacv2,General,2023-09-21T09:37:35.619Z,G1 FIVR 23/24,standard,https://teams.microsoft.com/l/channel/19%3ACNB0bEjll7Ztnqts6C5CyO640B8ZBxq7qajANOyE5rU1%40thread.tacv2/G1%20FIVR%2023%2F24?groupId=13e30bac-2a37-4809-b5ed-31d0d7aad2f7&tenantId=b79162dc-8d04-44f6-b3b2-c5a1d0b1b9a1&allowXTenantAccess=True&ngc=True,13e30bac-2a37-4809-b5ed-31d0d7aad2f7
44,19:e1e025c4ac614716882e9e02ba4a7785@thread.tacv2,E-Tutor,2023-10-11T19:01:58.616Z,,standard,https://teams.microsoft.com/l/channel/19%3Ae1e025c4ac614716882e9e02ba4a7785%40thread.tacv2/E-Tutor?groupId=13e30bac-2a37-4809-b5ed-31d0d7aad2f7&tenantId=b79162dc-8d04-44f6-b3b2-c5a1d0b1b9a1&allowXTenantAccess=True&ngc=True,13e30bac-2a37-4809-b5ed-31d0d7aad2f7
45,19:f3bbf8eb796848eeaacdc2fe04f22205@thread.tacv2,Organisation,2023-10-22T19:22:56.133Z,Planung von Meetings,standard,https://teams.microsoft.com/l/channel/19%3Af3bbf8eb796848eeaacdc2fe04f22205%40thread.tacv2/Organisation?groupId=13e30bac-2a37-4809-b5ed-31d0d7aad2f7&tenantId=b79162dc-8d04-44f6-b3b2-c5a1d0b1b9a1&allowXTenantAccess=True&ngc=True,13e30bac-2a37-4809-b5ed-31d0d7aad2f7
46,19:18834b5e3ac04adea7effb280d92fd29@thread.tacv2,PM,2023-10-13T14:05:34.888Z,In diesem Kanal werden organisatorische Informationen bekannt gegeben.,standard,https://teams.microsoft.com/l/channel/19%3A18834b5e3ac04adea7effb280d92fd29%40thread.tacv2/PM?groupId=2589c649-b820-4ec9-a798-49ea9559fe25&tenantId=b79162dc-8d04-44f6-b3b2-c5a1d0b1b9a1&allowXTenantAccess=True,2589c649-b820-4ec9-a798-49ea9559fe25
47,19:a2be4e6a789542e1af216f0b903594b4@thread.tacv2,Projektreporter,2023-10-18T07:51:59.718Z,In diesem Kanal werden Informationen zur den Projektreports bekannt gegeben.,standard,https://teams.microsoft.com/l/channel/19%3Aa2be4e6a789542e1af216f0b903594b4%40thread.tacv2/Projektreporter?groupId=2589c649-b820-4ec9-a798-49ea9559fe25&tenantId=b79162dc-8d04-44f6-b3b2-c5a1d0b1b9a1&allowXTenantAccess=True,2589c649-b820-4ec9-a798-49ea9559fe25
48,19:a80785327e0b4a7abdd2d3b9fb3dd4f2@thread.tacv2,E-Tutorin,2023-10-11T17:15:53.848Z,In diesem Kanal findet die Kommunikation mit der E-Tutorin statt.,standard,https://teams.microsoft.com/l/channel/19%3Aa80785327e0b4a7abdd2d3b9fb3dd4f2%40thread.tacv2/E-Tutorin?groupId=2589c649-b820-4ec9-a798-49ea9559fe25&tenantId=b79162dc-8d04-44f6-b3b2-c5a1d0b1b9a1&allowXTenantAccess=True,2589c649-b820-4ec9-a798-49ea9559fe25
49,19:bW5WlZAcxGNNidxmfetBjRNcqYGSN_tPwOKohJfPQo41@thread.tacv2,General,2023-09-21T09:41:14.525Z,G6 FIVR 23/24,standard,https://teams.microsoft.com/l/channel/19%3AbW5WlZAcxGNNidxmfetBjRNcqYGSN_tPwOKohJfPQo41%40thread.tacv2/G6%20FIVR%2023%2F24?groupId=2589c649-b820-4ec9-a798-49ea9559fe25&tenantId=b79162dc-8d04-44f6-b3b2-c5a1d0b1b9a1&allowXTenantAccess=True,2589c649-b820-4ec9-a798-49ea9559fe25
50,19:d8e8cff91c3a47c89cc2279021366ee7@thread.tacv2,Aufgabenspezifische Themen,2023-10-20T11:26:18.763Z,In diesem Kanal werden aufgabenspezifische Themen diskutiert.,standard,https://teams.microsoft.com/l/channel/19%3Ad8e8cff91c3a47c89cc2279021366ee7%40thread.tacv2/Aufgabenspezifische%20Themen?groupId=2589c649-b820-4ec9-a798-49ea9559fe25&tenantId=b79162dc-8d04-44f6-b3b2-c5a1d0b1b9a1&allowXTenantAccess=True,2589c649-b820-4ec9-a798-49ea9559fe25
51,19:18834b5e3ac04adea7effb280d92fd29@thread.tacv2,PM,2023-10-13T14:05:34.888Z,In diesem Kanal werden organisatorische Informationen bekannt gegeben.,standard,https://teams.microsoft.com/l/channel/19%3A18834b5e3ac04adea7effb280d92fd29%40thread.tacv2/PM?groupId=2589c649-b820-4ec9-a798-49ea9559fe25&tenantId=b79162dc-8d04-44f6-b3b2-c5a1d0b1b9a1&allowXTenantAccess=True&ngc=True,2589c649-b820-4ec9-a798-49ea9559fe25
52,19:a2be4e6a789542e1af216f0b903594b4@thread.tacv2,Projektreporter,2023-10-18T07:51:59.718Z,In diesem Kanal werden Informationen zur den Projektreports bekannt gegeben.,standard,https://teams.microsoft.com/l/channel/19%3Aa2be4e6a789542e1af216f0b903594b4%40thread.tacv2/Projektreporter?groupId=2589c649-b820-4ec9-a798-49ea9559fe25&tenantId=b79162dc-8d04-44f6-b3b2-c5a1d0b1b9a1&allowXTenantAccess=True&ngc=True,2589c649-b820-4ec9-a798-49ea9559fe25
53,19:a80785327e0b4a7abdd2d3b9fb3dd4f2@thread.tacv2,E-Tutorin,2023-10-11T17:15:53.848Z,In diesem Kanal findet die Kommunikation mit der E-Tutorin statt.,standard,https://teams.microsoft.com/l/channel/19%3Aa80785327e0b4a7abdd2d3b9fb3dd4f2%40thread.tacv2/E-Tutorin?groupId=2589c649-b820-4ec9-a798-49ea9559fe25&tenantId=b79162dc-8d04-44f6-b3b2-c5a1d0b1b9a1&allowXTenantAccess=True&ngc=True,2589c649-b820-4ec9-a798-49ea9559fe25
54,19:bW5WlZAcxGNNidxmfetBjRNcqYGSN_tPwOKohJfPQo41@thread.tacv2,General,2023-09-21T09:41:14.525Z,G6 FIVR 23/24,standard,https://teams.microsoft.com/l/channel/19%3AbW5WlZAcxGNNidxmfetBjRNcqYGSN_tPwOKohJfPQo41%40thread.tacv2/G6%20FIVR%2023%2F24?groupId=2589c649-b820-4ec9-a798-49ea9559fe25&tenantId=b79162dc-8d04-44f6-b3b2-c5a1d0b1b9a1&allowXTenantAccess=True&ngc=True,2589c649-b820-4ec9-a798-49ea9559fe25
55,19:d8e8cff91c3a47c89cc2279021366ee7@thread.tacv2,Aufgabenspezifische Themen,2023-10-20T11:26:18.763Z,In diesem Kanal werden aufgabenspezifische Themen diskutiert.,standard,https://teams.microsoft.com/l/channel/19%3Ad8e8cff91c3a47c89cc2279021366ee7%40thread.tacv2/Aufgabenspezifische%20Themen?groupId=2589c649-b820-4ec9-a798-49ea9559fe25&tenantId=b79162dc-8d04-44f6-b3b2-c5a1d0b1b9a1&allowXTenantAccess=True&ngc=True,2589c649-b820-4ec9-a798-49ea9559fe25
56,19:AGRWXvWzFZWWvHB3BIb5GGjLzHzoh2wkNRebvOjp1VE1@thread.tacv2,General,2023-09-21T09:42:43.463Z,FIVR 23/24 E-Tutoren (intern),standard,https://teams.microsoft.com/l/channel/19%3AAGRWXvWzFZWWvHB3BIb5GGjLzHzoh2wkNRebvOjp1VE1%40thread.tacv2/FIVR%2023%2F24%20E-Tutoren%20%28intern%29?groupId=52f68d25-932a-429a-9ac9-329d40e74af7&tenantId=b79162dc-8d04-44f6-b3b2-c5a1d0b1b9a1&allowXTenantAccess=True,52f68d25-932a-429a-9ac9-329d40e74af7
57,19:AGRWXvWzFZWWvHB3BIb5GGjLzHzoh2wkNRebvOjp1VE1@thread.tacv2,General,2023-09-21T09:42:43.463Z,FIVR 23/24 E-Tutoren (intern),standard,https://teams.microsoft.com/l/channel/19%3AAGRWXvWzFZWWvHB3BIb5GGjLzHzoh2wkNRebvOjp1VE1%40thread.tacv2/FIVR%2023%2F24%20E-Tutoren%20%28intern%29?groupId=52f68d25-932a-429a-9ac9-329d40e74af7&tenantId=b79162dc-8d04-44f6-b3b2-c5a1d0b1b9a1&allowXTenantAccess=True&ngc=True,52f68d25-932a-429a-9ac9-329d40e74af7
58,19:3d565bd5d4d143058b078e44ca7914ca@thread.tacv2,E-Tutor,2023-10-12T14:40:22.084Z,Diesen Kanal k√∂nnen wir f√ºr die Kommunikation mit unserer E-Tutorin Celine und Mattis Altmann nutzen. Somit sind diese wichtigen Nachrichten und neue Aufgaben √ºbersichtlich an einem Ort.,standard,https://teams.microsoft.com/l/channel/19%3A3d565bd5d4d143058b078e44ca7914ca%40thread.tacv2/E-Tutor?groupId=97a25105-777b-4fc8-92e3-d01e82b8d850&tenantId=b79162dc-8d04-44f6-b3b2-c5a1d0b1b9a1&allowXTenantAccess=True,97a25105-777b-4fc8-92e3-d01e82b8d850
59,19:8eac6044d8734397a41f85dadc7e3839@thread.tacv2,Aufgaben,2023-10-17T07:23:09.743Z,Hier werden die Aufgaben reingestellt. F√ºr Fragen oder Anregungen zu den Aufgaben ab jetzt bitte diesen Channel nutzen.,standard,https://teams.microsoft.com/l/channel/19%3A8eac6044d8734397a41f85dadc7e3839%40thread.tacv2/Aufgaben?groupId=97a25105-777b-4fc8-92e3-d01e82b8d850&tenantId=b79162dc-8d04-44f6-b3b2-c5a1d0b1b9a1&allowXTenantAccess=True,97a25105-777b-4fc8-92e3-d01e82b8d850
60,19:90863838913d4b2bb26fafba3085bd32@thread.tacv2,Meetings,2023-10-12T17:50:14.031Z,"Dieser Kanal soll f√ºr uns ein Ort sein um Meetings zu planen und auch hier abzuhalten. Damit k√∂nnen wir verhindern, dass die anderen Kan√§le zu un√ºbersichtlich werden.",standard,https://teams.microsoft.com/l/channel/19%3A90863838913d4b2bb26fafba3085bd32%40thread.tacv2/Meetings?groupId=97a25105-777b-4fc8-92e3-d01e82b8d850&tenantId=b79162dc-8d04-44f6-b3b2-c5a1d0b1b9a1&allowXTenantAccess=True,97a25105-777b-4fc8-92e3-d01e82b8d850
61,19:nb4zpI03ZspFhF6dj23KFK5tFhOve6Sp4L6_jV7RozY1@thread.tacv2,General,2023-09-21T09:40:42.402Z,G5 FIVR 23/24,standard,https://teams.microsoft.com/l/channel/19%3Anb4zpI03ZspFhF6dj23KFK5tFhOve6Sp4L6_jV7RozY1%40thread.tacv2/G5%20FIVR%2023%2F24?groupId=97a25105-777b-4fc8-92e3-d01e82b8d850&tenantId=b79162dc-8d04-44f6-b3b2-c5a1d0b1b9a1&allowXTenantAccess=True,97a25105-777b-4fc8-92e3-d01e82b8d850
62,19:3d565bd5d4d143058b078e44ca7914ca@thread.tacv2,E-Tutor,2023-10-12T14:40:22.084Z,Diesen Kanal k√∂nnen wir f√ºr die Kommunikation mit unserer E-Tutorin Celine und Mattis Altmann nutzen. Somit sind diese wichtigen Nachrichten und neue Aufgaben √ºbersichtlich an einem Ort.,standard,https://teams.microsoft.com/l/channel/19%3A3d565bd5d4d143058b078e44ca7914ca%40thread.tacv2/E-Tutor?groupId=97a25105-777b-4fc8-92e3-d01e82b8d850&tenantId=b79162dc-8d04-44f6-b3b2-c5a1d0b1b9a1&allowXTenantAccess=True&ngc=True,97a25105-777b-4fc8-92e3-d01e82b8d850
63,19:8eac6044d8734397a41f85dadc7e3839@thread.tacv2,Aufgaben,2023-10-17T07:23:09.743Z,Hier werden die Aufgaben reingestellt. F√ºr Fragen oder Anregungen zu den Aufgaben ab jetzt bitte diesen Channel nutzen.,standard,https://teams.microsoft.com/l/channel/19%3A8eac6044d8734397a41f85dadc7e3839%40thread.tacv2/Aufgaben?groupId=97a25105-777b-4fc8-92e3-d01e82b8d850&tenantId=b79162dc-8d04-44f6-b3b2-c5a1d0b1b9a1&allowXTenantAccess=True&ngc=True,97a25105-777b-4fc8-92e3-d01e82b8d850
64,19:90863838913d4b2bb26fafba3085bd32@thread.tacv2,Meetings,2023-10-12T17:50:14.031Z,"Dieser Kanal soll f√ºr uns ein Ort sein um Meetings zu planen und auch hier abzuhalten. Damit k√∂nnen wir verhindern, dass die anderen Kan√§le zu un√ºbersichtlich werden.",standard,https://teams.microsoft.com/l/channel/19%3A90863838913d4b2bb26fafba3085bd32%40thread.tacv2/Meetings?groupId=97a25105-777b-4fc8-92e3-d01e82b8d850&tenantId=b79162dc-8d04-44f6-b3b2-c5a1d0b1b9a1&allowXTenantAccess=True&ngc=True,97a25105-777b-4fc8-92e3-d01e82b8d850
65,19:nb4zpI03ZspFhF6dj23KFK5tFhOve6Sp4L6_jV7RozY1@thread.tacv2,General,2023-09-21T09:40:42.402Z,G5 FIVR 23/24,standard,https://teams.microsoft.com/l/channel/19%3Anb4zpI03ZspFhF6dj23KFK5tFhOve6Sp4L6_jV7RozY1%40thread.tacv2/G5%20FIVR%2023%2F24?groupId=97a25105-777b-4fc8-92e3-d01e82b8d850&tenantId=b79162dc-8d04-44f6-b3b2-c5a1d0b1b9a1&allowXTenantAccess=True&ngc=True,97a25105-777b-4fc8-92e3-d01e82b8d850
66,19:18e8f1a306664dc788f3b88de2284fdb@thread.tacv2,C1,2023-10-17T09:11:19.502Z,,standard,https://teams.microsoft.com/l/channel/19%3A18e8f1a306664dc788f3b88de2284fdb%40thread.tacv2/C1?groupId=e13f70ef-d850-4916-8bed-c4e6d9bf65c0&tenantId=b79162dc-8d04-44f6-b3b2-c5a1d0b1b9a1&allowXTenantAccess=True,e13f70ef-d850-4916-8bed-c4e6d9bf65c0
67,19:4bd34761531e4cd29f72df058e2e74c9@thread.tacv2,C2,2023-10-17T09:11:30.633Z,,standard,https://teams.microsoft.com/l/channel/19%3A4bd34761531e4cd29f72df058e2e74c9%40thread.tacv2/C2?groupId=e13f70ef-d850-4916-8bed-c4e6d9bf65c0&tenantId=b79162dc-8d04-44f6-b3b2-c5a1d0b1b9a1&allowXTenantAccess=True,e13f70ef-d850-4916-8bed-c4e6d9bf65c0
68,19:5e60b97ac3e44bd0adc78189b7ebc029@thread.tacv2,A2 Brainstorming,2023-10-12T07:51:28.489Z,,standard,https://teams.microsoft.com/l/channel/19%3A5e60b97ac3e44bd0adc78189b7ebc029%40thread.tacv2/A2%20Brainstorming?groupId=e13f70ef-d850-4916-8bed-c4e6d9bf65c0&tenantId=b79162dc-8d04-44f6-b3b2-c5a1d0b1b9a1&allowXTenantAccess=True,e13f70ef-d850-4916-8bed-c4e6d9bf65c0
69,19:724e2664f8314613807c5ddabaf24dad@thread.tacv2,A1 Ontology,2023-10-12T07:50:48.81Z,,standard,https://teams.microsoft.com/l/channel/19%3A724e2664f8314613807c5ddabaf24dad%40thread.tacv2/A1%20Ontology?groupId=e13f70ef-d850-4916-8bed-c4e6d9bf65c0&tenantId=b79162dc-8d04-44f6-b3b2-c5a1d0b1b9a1&allowXTenantAccess=True,e13f70ef-d850-4916-8bed-c4e6d9bf65c0
70,19:7f509cb768494b7cb95834bbd5101936@thread.tacv2,E-Tutor,2023-10-12T09:15:07.774Z,,standard,https://teams.microsoft.com/l/channel/19%3A7f509cb768494b7cb95834bbd5101936%40thread.tacv2/E-Tutor?groupId=e13f70ef-d850-4916-8bed-c4e6d9bf65c0&tenantId=b79162dc-8d04-44f6-b3b2-c5a1d0b1b9a1&allowXTenantAccess=True,e13f70ef-d850-4916-8bed-c4e6d9bf65c0
71,19:995b24155ffd4772909767f23ad7c16b@thread.tacv2,A0 Gruppenvertrag,2023-10-12T07:50:01.108Z,"hier k√∂nnen wir Sachen f√ºr A0, den Gruppenvertrag, besprechen :)",standard,https://teams.microsoft.com/l/channel/19%3A995b24155ffd4772909767f23ad7c16b%40thread.tacv2/A0%20Gruppenvertrag?groupId=e13f70ef-d850-4916-8bed-c4e6d9bf65c0&tenantId=b79162dc-8d04-44f6-b3b2-c5a1d0b1b9a1&allowXTenantAccess=True,e13f70ef-d850-4916-8bed-c4e6d9bf65c0
72,19:a3b4000f6fb34c0287a513d56e740eb7@thread.tacv2,B3,2023-10-12T07:52:21.197Z,,standard,https://teams.microsoft.com/l/channel/19%3Aa3b4000f6fb34c0287a513d56e740eb7%40thread.tacv2/B3?groupId=e13f70ef-d850-4916-8bed-c4e6d9bf65c0&tenantId=b79162dc-8d04-44f6-b3b2-c5a1d0b1b9a1&allowXTenantAccess=True,e13f70ef-d850-4916-8bed-c4e6d9bf65c0
73,19:b5e8e5586a354a27bf31011cf32d29d0@thread.tacv2,Projektreporter,2023-10-17T08:00:13.737Z,,standard,https://teams.microsoft.com/l/channel/19%3Ab5e8e5586a354a27bf31011cf32d29d0%40thread.tacv2/Projektreporter?groupId=e13f70ef-d850-4916-8bed-c4e6d9bf65c0&tenantId=b79162dc-8d04-44f6-b3b2-c5a1d0b1b9a1&allowXTenantAccess=True,e13f70ef-d850-4916-8bed-c4e6d9bf65c0
74,19:ce0952013091452ab469e944961a41b2@thread.tacv2,Projektmanagement,2023-10-17T08:26:28.471Z,,standard,https://teams.microsoft.com/l/channel/19%3Ace0952013091452ab469e944961a41b2%40thread.tacv2/Projektmanagement?groupId=e13f70ef-d850-4916-8bed-c4e6d9bf65c0&tenantId=b79162dc-8d04-44f6-b3b2-c5a1d0b1b9a1&allowXTenantAccess=True,e13f70ef-d850-4916-8bed-c4e6d9bf65c0
75,19:e356bcef2dc649129e99ce0c3172b8ea@thread.tacv2,B1,2023-10-12T07:51:56.079Z,,standard,https://teams.microsoft.com/l/channel/19%3Ae356bcef2dc649129e99ce0c3172b8ea%40thread.tacv2/B1?groupId=e13f70ef-d850-4916-8bed-c4e6d9bf65c0&tenantId=b79162dc-8d04-44f6-b3b2-c5a1d0b1b9a1&allowXTenantAccess=True,e13f70ef-d850-4916-8bed-c4e6d9bf65c0
76,19:ea86f72ef31942f283f947e76adb057e@thread.tacv2,B2,2023-10-12T07:52:06.965Z,,standard,https://teams.microsoft.com/l/channel/19%3Aea86f72ef31942f283f947e76adb057e%40thread.tacv2/B2?groupId=e13f70ef-d850-4916-8bed-c4e6d9bf65c0&tenantId=b79162dc-8d04-44f6-b3b2-c5a1d0b1b9a1&allowXTenantAccess=True,e13f70ef-d850-4916-8bed-c4e6d9bf65c0
77,19:lkhu8yhV9x5jUNsqSuQSXAabqI8qU5aE8jTM0FSzapM1@thread.tacv2,General,2023-09-21T09:41:46.022Z,G7 FIVR 23/24,standard,https://teams.microsoft.com/l/channel/19%3Alkhu8yhV9x5jUNsqSuQSXAabqI8qU5aE8jTM0FSzapM1%40thread.tacv2/G7%20FIVR%2023%2F24?groupId=e13f70ef-d850-4916-8bed-c4e6d9bf65c0&tenantId=b79162dc-8d04-44f6-b3b2-c5a1d0b1b9a1&allowXTenantAccess=True,e13f70ef-d850-4916-8bed-c4e6d9bf65c0
78,19:18e8f1a306664dc788f3b88de2284fdb@thread.tacv2,C1,2023-10-17T09:11:19.502Z,,standard,https://teams.microsoft.com/l/channel/19%3A18e8f1a306664dc788f3b88de2284fdb%40thread.tacv2/C1?groupId=e13f70ef-d850-4916-8bed-c4e6d9bf65c0&tenantId=b79162dc-8d04-44f6-b3b2-c5a1d0b1b9a1&allowXTenantAccess=True&ngc=True,e13f70ef-d850-4916-8bed-c4e6d9bf65c0
79,19:4bd34761531e4cd29f72df058e2e74c9@thread.tacv2,C2,2023-10-17T09:11:30.633Z,,standard,https://teams.microsoft.com/l/channel/19%3A4bd34761531e4cd29f72df058e2e74c9%40thread.tacv2/C2?groupId=e13f70ef-d850-4916-8bed-c4e6d9bf65c0&tenantId=b79162dc-8d04-44f6-b3b2-c5a1d0b1b9a1&allowXTenantAccess=True&ngc=True,e13f70ef-d850-4916-8bed-c4e6d9bf65c0
80,19:5e60b97ac3e44bd0adc78189b7ebc029@thread.tacv2,A2 Brainstorming,2023-10-12T07:51:28.489Z,,standard,https://teams.microsoft.com/l/channel/19%3A5e60b97ac3e44bd0adc78189b7ebc029%40thread.tacv2/A2%20Brainstorming?groupId=e13f70ef-d850-4916-8bed-c4e6d9bf65c0&tenantId=b79162dc-8d04-44f6-b3b2-c5a1d0b1b9a1&allowXTenantAccess=True&ngc=True,e13f70ef-d850-4916-8bed-c4e6d9bf65c0
81,19:724e2664f8314613807c5ddabaf24dad@thread.tacv2,A1 Ontology,2023-10-12T07:50:48.81Z,,standard,https://teams.microsoft.com/l/channel/19%3A724e2664f8314613807c5ddabaf24dad%40thread.tacv2/A1%20Ontology?groupId=e13f70ef-d850-4916-8bed-c4e6d9bf65c0&tenantId=b79162dc-8d04-44f6-b3b2-c5a1d0b1b9a1&allowXTenantAccess=True&ngc=True,e13f70ef-d850-4916-8bed-c4e6d9bf65c0
82,19:7f509cb768494b7cb95834bbd5101936@thread.tacv2,E-Tutor,2023-10-12T09:15:07.774Z,,standard,https://teams.microsoft.com/l/channel/19%3A7f509cb768494b7cb95834bbd5101936%40thread.tacv2/E-Tutor?groupId=e13f70ef-d850-4916-8bed-c4e6d9bf65c0&tenantId=b79162dc-8d04-44f6-b3b2-c5a1d0b1b9a1&allowXTenantAccess=True&ngc=True,e13f70ef-d850-4916-8bed-c4e6d9bf65c0
83,19:995b24155ffd4772909767f23ad7c16b@thread.tacv2,A0 Gruppenvertrag,2023-10-12T07:50:01.108Z,"hier k√∂nnen wir Sachen f√ºr A0, den Gruppenvertrag, besprechen :)",standard,https://teams.microsoft.com/l/channel/19%3A995b24155ffd4772909767f23ad7c16b%40thread.tacv2/A0%20Gruppenvertrag?groupId=e13f70ef-d850-4916-8bed-c4e6d9bf65c0&tenantId=b79162dc-8d04-44f6-b3b2-c5a1d0b1b9a1&allowXTenantAccess=True&ngc=True,e13f70ef-d850-4916-8bed-c4e6d9bf65c0
84,19:a3b4000f6fb34c0287a513d56e740eb7@thread.tacv2,B3,2023-10-12T07:52:21.197Z,,standard,https://teams.microsoft.com/l/channel/19%3Aa3b4000f6fb34c0287a513d56e740eb7%40thread.tacv2/B3?groupId=e13f70ef-d850-4916-8bed-c4e6d9bf65c0&tenantId=b79162dc-8d04-44f6-b3b2-c5a1d0b1b9a1&allowXTenantAccess=True&ngc=True,e13f70ef-d850-4916-8bed-c4e6d9bf65c0
85,19:b5e8e5586a354a27bf31011cf32d29d0@thread.tacv2,Projektreporter,2023-10-17T08:00:13.737Z,,standard,https://teams.microsoft.com/l/channel/19%3Ab5e8e5586a354a27bf31011cf32d29d0%40thread.tacv2/Projektreporter?groupId=e13f70ef-d850-4916-8bed-c4e6d9bf65c0&tenantId=b79162dc-8d04-44f6-b3b2-c5a1d0b1b9a1&allowXTenantAccess=True&ngc=True,e13f70ef-d850-4916-8bed-c4e6d9bf65c0
86,19:ce0952013091452ab469e944961a41b2@thread.tacv2,Projektmanagement,2023-10-17T08:26:28.471Z,,standard,https://teams.microsoft.com/l/channel/19%3Ace0952013091452ab469e944961a41b2%40thread.tacv2/Projektmanagement?groupId=e13f70ef-d850-4916-8bed-c4e6d9bf65c0&tenantId=b79162dc-8d04-44f6-b3b2-c5a1d0b1b9a1&allowXTenantAccess=True&ngc=True,e13f70ef-d850-4916-8bed-c4e6d9bf65c0
87,19:e356bcef2dc649129e99ce0c3172b8ea@thread.tacv2,B1,2023-10-12T07:51:56.079Z,,standard,https://teams.microsoft.com/l/channel/19%3Ae356bcef2dc649129e99ce0c3172b8ea%40thread.tacv2/B1?groupId=e13f70ef-d850-4916-8bed-c4e6d9bf65c0&tenantId=b79162dc-8d04-44f6-b3b2-c5a1d0b1b9a1&allowXTenantAccess=True&ngc=True,e13f70ef-d850-4916-8bed-c4e6d9bf65c0
88,19:ea86f72ef31942f283f947e76adb057e@thread.tacv2,B2,2023-10-12T07:52:06.965Z,,standard,https://teams.microsoft.com/l/channel/19%3Aea86f72ef31942f283f947e76adb057e%40thread.tacv2/B2?groupId=e13f70ef-d850-4916-8bed-c4e6d9bf65c0&tenantId=b79162dc-8d04-44f6-b3b2-c5a1d0b1b9a1&allowXTenantAccess=True&ngc=True,e13f70ef-d850-4916-8bed-c4e6d9bf65c0
89,19:lkhu8yhV9x5jUNsqSuQSXAabqI8qU5aE8jTM0FSzapM1@thread.tacv2,General,2023-09-21T09:41:46.022Z,G7 FIVR 23/24,standard,https://teams.microsoft.com/l/channel/19%3Alkhu8yhV9x5jUNsqSuQSXAabqI8qU5aE8jTM0FSzapM1%40thread.tacv2/G7%20FIVR%2023%2F24?groupId=e13f70ef-d850-4916-8bed-c4e6d9bf65c0&tenantId=b79162dc-8d04-44f6-b3b2-c5a1d0b1b9a1&allowXTenantAccess=True&ngc=True,e13f70ef-d850-4916-8bed-c4e6d9bf65c0
90,19:67aa170e70d547869145a67024db677d@thread.tacv2,Mediascholars üöÄ,2023-10-09T13:15:30.891Z,,private,https://teams.microsoft.com/l/channel/19%3A67aa170e70d547869145a67024db677d%40thread.tacv2/Mediascholars%20%F0%9F%9A%80?groupId=991bc98e-b4e5-4035-a19c-7b6d774411c1&tenantId=b79162dc-8d04-44f6-b3b2-c5a1d0b1b9a1&allowXTenantAccess=True,991bc98e-b4e5-4035-a19c-7b6d774411c1
91,19:9c3a77a5120a427495f4fcfc2ac5e3c5@thread.tacv2,Group AAAA,2023-10-09T13:21:03.275Z,Ambitioniert. Ad√§quat. Administrativ. Artistisch. https://youtube.com/shorts/R7jpe8DLV88?si=yAK9AFVCLe7dfxbD,private,https://teams.microsoft.com/l/channel/19%3A9c3a77a5120a427495f4fcfc2ac5e3c5%40thread.tacv2/Group%20AAAA?groupId=991bc98e-b4e5-4035-a19c-7b6d774411c1&tenantId=b79162dc-8d04-44f6-b3b2-c5a1d0b1b9a1&allowXTenantAccess=True,991bc98e-b4e5-4035-a19c-7b6d774411c1
92,19:d8f0db9dfc444ab6a312dd47744995d6@thread.tacv2,Group Digital Defense Dresden,2023-10-09T13:17:35.492Z,,private,https://teams.microsoft.com/l/channel/19%3Ad8f0db9dfc444ab6a312dd47744995d6%40thread.tacv2/Group%20Digital%20Defense%20Dresden?groupId=991bc98e-b4e5-4035-a19c-7b6d774411c1&tenantId=b79162dc-8d04-44f6-b3b2-c5a1d0b1b9a1&allowXTenantAccess=True,991bc98e-b4e5-4035-a19c-7b6d774411c1
93,19:fd9831052e4840209ed73fd17f32df11@thread.tacv2,DD MK 311 E,2023-10-09T13:16:13.802Z,,private,https://teams.microsoft.com/l/channel/19%3Afd9831052e4840209ed73fd17f32df11%40thread.tacv2/DD%20MK%20311%20E?groupId=991bc98e-b4e5-4035-a19c-7b6d774411c1&tenantId=b79162dc-8d04-44f6-b3b2-c5a1d0b1b9a1&allowXTenantAccess=True,991bc98e-b4e5-4035-a19c-7b6d774411c1
94,19:MTP6F7PpBHQppT772Jw9btbAF9EedfSASRD04EqnoFI1@thread.tacv2,General,2023-10-09T07:12:40.638Z,"Welcome to our comprehensive course designed especially for the digitally-evolved student of today. Dive into an immersive six-week journey where you will collaborate in interdisciplinary teams of 4-5 students, coming together to harness the power of diverse perspectives. This course not only emphasizes key soft skills but also provides practical exposure to digital tools, ensuring you're equipped for the modern workplace.",standard,https://teams.microsoft.com/l/channel/19%3AMTP6F7PpBHQppT772Jw9btbAF9EedfSASRD04EqnoFI1%40thread.tacv2/License%20for%20digital%20Competence?groupId=991bc98e-b4e5-4035-a19c-7b6d774411c1&tenantId=b79162dc-8d04-44f6-b3b2-c5a1d0b1b9a1&allowXTenantAccess=True,991bc98e-b4e5-4035-a19c-7b6d774411c1
95,19:67aa170e70d547869145a67024db677d@thread.tacv2,Mediascholars üöÄ,2023-10-09T13:15:30.891Z,,private,https://teams.microsoft.com/l/channel/19%3A67aa170e70d547869145a67024db677d%40thread.tacv2/Mediascholars%20%F0%9F%9A%80?groupId=991bc98e-b4e5-4035-a19c-7b6d774411c1&tenantId=b79162dc-8d04-44f6-b3b2-c5a1d0b1b9a1&allowXTenantAccess=True&ngc=True,991bc98e-b4e5-4035-a19c-7b6d774411c1
96,19:9c3a77a5120a427495f4fcfc2ac5e3c5@thread.tacv2,Group AAAA,2023-10-09T13:21:03.275Z,Ambitioniert. Ad√§quat. Administrativ. Artistisch. https://youtube.com/shorts/R7jpe8DLV88?si=yAK9AFVCLe7dfxbD,private,https://teams.microsoft.com/l/channel/19%3A9c3a77a5120a427495f4fcfc2ac5e3c5%40thread.tacv2/Group%20AAAA?groupId=991bc98e-b4e5-4035-a19c-7b6d774411c1&tenantId=b79162dc-8d04-44f6-b3b2-c5a1d0b1b9a1&allowXTenantAccess=True&ngc=True,991bc98e-b4e5-4035-a19c-7b6d774411c1
97,19:d8f0db9dfc444ab6a312dd47744995d6@thread.tacv2,Group Digital Defense Dresden,2023-10-09T13:17:35.492Z,,private,https://teams.microsoft.com/l/channel/19%3Ad8f0db9dfc444ab6a312dd47744995d6%40thread.tacv2/Group%20Digital%20Defense%20Dresden?groupId=991bc98e-b4e5-4035-a19c-7b6d774411c1&tenantId=b79162dc-8d04-44f6-b3b2-c5a1d0b1b9a1&allowXTenantAccess=True&ngc=True,991bc98e-b4e5-4035-a19c-7b6d774411c1
98,19:fd9831052e4840209ed73fd17f32df11@thread.tacv2,DD MK 311 E,2023-10-09T13:16:13.802Z,,private,https://teams.microsoft.com/l/channel/19%3Afd9831052e4840209ed73fd17f32df11%40thread.tacv2/DD%20MK%20311%20E?groupId=991bc98e-b4e5-4035-a19c-7b6d774411c1&tenantId=b79162dc-8d04-44f6-b3b2-c5a1d0b1b9a1&allowXTenantAccess=True&ngc=True,991bc98e-b4e5-4035-a19c-7b6d774411c1
99,19:MTP6F7PpBHQppT772Jw9btbAF9EedfSASRD04EqnoFI1@thread.tacv2,General,2023-10-09T07:12:40.638Z,"Welcome to our comprehensive course designed especially for the digitally-evolved student of today. Dive into an immersive six-week journey where you will collaborate in interdisciplinary teams of 4-5 students, coming together to harness the power of diverse perspectives. This course not only emphasizes key soft skills but also provides practical exposure to digital tools, ensuring you're equipped for the modern workplace.",standard,https://teams.microsoft.com/l/channel/19%3AMTP6F7PpBHQppT772Jw9btbAF9EedfSASRD04EqnoFI1%40thread.tacv2/License%20for%20digital%20Competence?groupId=991bc98e-b4e5-4035-a19c-7b6d774411c1&tenantId=b79162dc-8d04-44f6-b3b2-c5a1d0b1b9a1&allowXTenantAccess=True&ngc=True,991bc98e-b4e5-4035-a19c-7b6d774411c1
100,19:1455e851b4d44f03828941328117c188@thread.tacv2,Arbeitsraum 2,2023-11-03T15:25:27.315Z,,standard,https://teams.microsoft.com/l/channel/19%3A1455e851b4d44f03828941328117c188%40thread.tacv2/Arbeitsraum%202?groupId=ddeb930b-a6af-4cb6-87a4-e422bcde6951&tenantId=b79162dc-8d04-44f6-b3b2-c5a1d0b1b9a1&allowXTenantAccess=True,ddeb930b-a6af-4cb6-87a4-e422bcde6951
101,19:2d8bb2e6b15b4ae3a9651e1b060daec7@thread.tacv2,Arbeitsraum 1,2023-11-03T15:24:19.36Z,,standard,https://teams.microsoft.com/l/channel/19%3A2d8bb2e6b15b4ae3a9651e1b060daec7%40thread.tacv2/Arbeitsraum%201?groupId=ddeb930b-a6af-4cb6-87a4-e422bcde6951&tenantId=b79162dc-8d04-44f6-b3b2-c5a1d0b1b9a1&allowXTenantAccess=True,ddeb930b-a6af-4cb6-87a4-e422bcde6951
102,19:3ca1a28f6b7b4b65a1c0cbf73541845e@thread.tacv2,Finale Pr√§sentation,2023-11-03T15:24:33.949Z,,standard,https://teams.microsoft.com/l/channel/19%3A3ca1a28f6b7b4b65a1c0cbf73541845e%40thread.tacv2/Finale%20Pr%C3%A4sentation?groupId=ddeb930b-a6af-4cb6-87a4-e422bcde6951&tenantId=b79162dc-8d04-44f6-b3b2-c5a1d0b1b9a1&allowXTenantAccess=True,ddeb930b-a6af-4cb6-87a4-e422bcde6951
103,19:7927c02f295e41d784bfd47f96a8766b@thread.tacv2,Arbeitsraum 3,2023-10-17T13:48:40.909Z,Aufgabe A1 1.1,standard,https://teams.microsoft.com/l/channel/19%3A7927c02f295e41d784bfd47f96a8766b%40thread.tacv2/Arbeitsraum%203?groupId=ddeb930b-a6af-4cb6-87a4-e422bcde6951&tenantId=b79162dc-8d04-44f6-b3b2-c5a1d0b1b9a1&allowXTenantAccess=True,ddeb930b-a6af-4cb6-87a4-e422bcde6951
104,19:9609853f96d2437fa9f22206638c7b3d@thread.tacv2,Zuf√§llig,2023-10-15T19:46:17.628Z,"Kanal f√ºr Dies und Das was interessant ist, gern auch off topic :)",standard,https://teams.microsoft.com/l/channel/19%3A9609853f96d2437fa9f22206638c7b3d%40thread.tacv2/Zuf%C3%A4llig?groupId=ddeb930b-a6af-4cb6-87a4-e422bcde6951&tenantId=b79162dc-8d04-44f6-b3b2-c5a1d0b1b9a1&allowXTenantAccess=True,ddeb930b-a6af-4cb6-87a4-e422bcde6951
105,19:b10ec1d9b2a748a49c6c444ce57b345c@thread.tacv2,technologische Analyse,2023-10-17T13:49:52.66Z,,standard,https://teams.microsoft.com/l/channel/19%3Ab10ec1d9b2a748a49c6c444ce57b345c%40thread.tacv2/technologische%20Analyse?groupId=ddeb930b-a6af-4cb6-87a4-e422bcde6951&tenantId=b79162dc-8d04-44f6-b3b2-c5a1d0b1b9a1&allowXTenantAccess=True,ddeb930b-a6af-4cb6-87a4-e422bcde6951
106,19:b6fae4690b4747598db68956adfbc4f5@thread.tacv2,Arbeitsraum 4,2023-10-17T13:49:38.367Z,,standard,https://teams.microsoft.com/l/channel/19%3Ab6fae4690b4747598db68956adfbc4f5%40thread.tacv2/Arbeitsraum%204?groupId=ddeb930b-a6af-4cb6-87a4-e422bcde6951&tenantId=b79162dc-8d04-44f6-b3b2-c5a1d0b1b9a1&allowXTenantAccess=True,ddeb930b-a6af-4cb6-87a4-e422bcde6951
107,19:c34e3303c5f94ea7ac8e33cb311a5068@thread.tacv2,PP-Pr√§sentation,2023-10-17T13:50:05.422Z,,standard,https://teams.microsoft.com/l/channel/19%3Ac34e3303c5f94ea7ac8e33cb311a5068%40thread.tacv2/PP-Pr%C3%A4sentation?groupId=ddeb930b-a6af-4cb6-87a4-e422bcde6951&tenantId=b79162dc-8d04-44f6-b3b2-c5a1d0b1b9a1&allowXTenantAccess=True,ddeb930b-a6af-4cb6-87a4-e422bcde6951
108,19:iNq_D4c6VJ1w-IBN4GvikPn9To2jXyxCQkMGnIZAk9c1@thread.tacv2,General,2023-09-21T09:39:40.608Z,G3 FIVR 23/24,standard,https://teams.microsoft.com/l/channel/19%3AiNq_D4c6VJ1w-IBN4GvikPn9To2jXyxCQkMGnIZAk9c1%40thread.tacv2/G3%20FIVR%2023%2F24?groupId=ddeb930b-a6af-4cb6-87a4-e422bcde6951&tenantId=b79162dc-8d04-44f6-b3b2-c5a1d0b1b9a1&allowXTenantAccess=True,ddeb930b-a6af-4cb6-87a4-e422bcde6951
109,19:1455e851b4d44f03828941328117c188@thread.tacv2,Arbeitsraum 2,2023-11-03T15:25:27.315Z,,standard,https://teams.microsoft.com/l/channel/19%3A1455e851b4d44f03828941328117c188%40thread.tacv2/Arbeitsraum%202?groupId=ddeb930b-a6af-4cb6-87a4-e422bcde6951&tenantId=b79162dc-8d04-44f6-b3b2-c5a1d0b1b9a1&allowXTenantAccess=True&ngc=True,ddeb930b-a6af-4cb6-87a4-e422bcde6951
110,19:2d8bb2e6b15b4ae3a9651e1b060daec7@thread.tacv2,Arbeitsraum 1,2023-11-03T15:24:19.36Z,,standard,https://teams.microsoft.com/l/channel/19%3A2d8bb2e6b15b4ae3a9651e1b060daec7%40thread.tacv2/Arbeitsraum%201?groupId=ddeb930b-a6af-4cb6-87a4-e422bcde6951&tenantId=b79162dc-8d04-44f6-b3b2-c5a1d0b1b9a1&allowXTenantAccess=True&ngc=True,ddeb930b-a6af-4cb6-87a4-e422bcde6951
111,19:3ca1a28f6b7b4b65a1c0cbf73541845e@thread.tacv2,Finale Pr√§sentation,2023-11-03T15:24:33.949Z,,standard,https://teams.microsoft.com/l/channel/19%3A3ca1a28f6b7b4b65a1c0cbf73541845e%40thread.tacv2/Finale%20Pr%C3%A4sentation?groupId=ddeb930b-a6af-4cb6-87a4-e422bcde6951&tenantId=b79162dc-8d04-44f6-b3b2-c5a1d0b1b9a1&allowXTenantAccess=True&ngc=True,ddeb930b-a6af-4cb6-87a4-e422bcde6951
112,19:7927c02f295e41d784bfd47f96a8766b@thread.tacv2,Arbeitsraum 3,2023-10-17T13:48:40.909Z,Aufgabe A1 1.1,standard,https://teams.microsoft.com/l/channel/19%3A7927c02f295e41d784bfd47f96a8766b%40thread.tacv2/Arbeitsraum%203?groupId=ddeb930b-a6af-4cb6-87a4-e422bcde6951&tenantId=b79162dc-8d04-44f6-b3b2-c5a1d0b1b9a1&allowXTenantAccess=True&ngc=True,ddeb930b-a6af-4cb6-87a4-e422bcde6951
113,19:9609853f96d2437fa9f22206638c7b3d@thread.tacv2,Zuf√§llig,2023-10-15T19:46:17.628Z,"Kanal f√ºr Dies und Das was interessant ist, gern auch off topic :)",standard,https://teams.microsoft.com/l/channel/19%3A9609853f96d2437fa9f22206638c7b3d%40thread.tacv2/Zuf%C3%A4llig?groupId=ddeb930b-a6af-4cb6-87a4-e422bcde6951&tenantId=b79162dc-8d04-44f6-b3b2-c5a1d0b1b9a1&allowXTenantAccess=True&ngc=True,ddeb930b-a6af-4cb6-87a4-e422bcde6951
114,19:b10ec1d9b2a748a49c6c444ce57b345c@thread.tacv2,technologische Analyse,2023-10-17T13:49:52.66Z,,standard,https://teams.microsoft.com/l/channel/19%3Ab10ec1d9b2a748a49c6c444ce57b345c%40thread.tacv2/technologische%20Analyse?groupId=ddeb930b-a6af-4cb6-87a4-e422bcde6951&tenantId=b79162dc-8d04-44f6-b3b2-c5a1d0b1b9a1&allowXTenantAccess=True&ngc=True,ddeb930b-a6af-4cb6-87a4-e422bcde6951
115,19:b6fae4690b4747598db68956adfbc4f5@thread.tacv2,Arbeitsraum 4,2023-10-17T13:49:38.367Z,,standard,https://teams.microsoft.com/l/channel/19%3Ab6fae4690b4747598db68956adfbc4f5%40thread.tacv2/Arbeitsraum%204?groupId=ddeb930b-a6af-4cb6-87a4-e422bcde6951&tenantId=b79162dc-8d04-44f6-b3b2-c5a1d0b1b9a1&allowXTenantAccess=True&ngc=True,ddeb930b-a6af-4cb6-87a4-e422bcde6951
116,19:c34e3303c5f94ea7ac8e33cb311a5068@thread.tacv2,PP-Pr√§sentation,2023-10-17T13:50:05.422Z,,standard,https://teams.microsoft.com/l/channel/19%3Ac34e3303c5f94ea7ac8e33cb311a5068%40thread.tacv2/PP-Pr%C3%A4sentation?groupId=ddeb930b-a6af-4cb6-87a4-e422bcde6951&tenantId=b79162dc-8d04-44f6-b3b2-c5a1d0b1b9a1&allowXTenantAccess=True&ngc=True,ddeb930b-a6af-4cb6-87a4-e422bcde6951
117,19:iNq_D4c6VJ1w-IBN4GvikPn9To2jXyxCQkMGnIZAk9c1@thread.tacv2,General,2023-09-21T09:39:40.608Z,G3 FIVR 23/24,standard,https://teams.microsoft.com/l/channel/19%3AiNq_D4c6VJ1w-IBN4GvikPn9To2jXyxCQkMGnIZAk9c1%40thread.tacv2/G3%20FIVR%2023%2F24?groupId=ddeb930b-a6af-4cb6-87a4-e422bcde6951&tenantId=b79162dc-8d04-44f6-b3b2-c5a1d0b1b9a1&allowXTenantAccess=True&ngc=True,ddeb930b-a6af-4cb6-87a4-e422bcde6951
118,19:505ba69383eb4b099ad038f4056e4082@thread.tacv2,Aufgabe B3,2023-11-12T17:01:58.974Z,,standard,https://teams.microsoft.com/l/channel/19%3A505ba69383eb4b099ad038f4056e4082%40thread.tacv2/Aufgabe%20B3?groupId=b2ba4410-35e0-4d09-b30d-59b683dc1f92&tenantId=b79162dc-8d04-44f6-b3b2-c5a1d0b1b9a1&allowXTenantAccess=True,b2ba4410-35e0-4d09-b30d-59b683dc1f92
119,19:54210f2a225c45329351f298fb1b2e45@thread.tacv2,Aufgabe C1,2023-11-17T09:21:43.963Z,,standard,https://teams.microsoft.com/l/channel/19%3A54210f2a225c45329351f298fb1b2e45%40thread.tacv2/Aufgabe%20C1?groupId=b2ba4410-35e0-4d09-b30d-59b683dc1f92&tenantId=b79162dc-8d04-44f6-b3b2-c5a1d0b1b9a1&allowXTenantAccess=True,b2ba4410-35e0-4d09-b30d-59b683dc1f92
120,19:574d8829625641929c204628c26aed87@thread.tacv2,Aufgabe B1,2023-10-31T13:15:43.703Z,,standard,https://teams.microsoft.com/l/channel/19%3A574d8829625641929c204628c26aed87%40thread.tacv2/Aufgabe%20B1?groupId=b2ba4410-35e0-4d09-b30d-59b683dc1f92&tenantId=b79162dc-8d04-44f6-b3b2-c5a1d0b1b9a1&allowXTenantAccess=True,b2ba4410-35e0-4d09-b30d-59b683dc1f92
121,19:58c9aa07e016456390d1de8561a40adc@thread.tacv2,Aufgabe A1,2023-10-12T15:03:41.943Z,,standard,https://teams.microsoft.com/l/channel/19%3A58c9aa07e016456390d1de8561a40adc%40thread.tacv2/Aufgabe%20A1?groupId=b2ba4410-35e0-4d09-b30d-59b683dc1f92&tenantId=b79162dc-8d04-44f6-b3b2-c5a1d0b1b9a1&allowXTenantAccess=True,b2ba4410-35e0-4d09-b30d-59b683dc1f92
122,19:5ba1b15b12114d9894411d58ec627429@thread.tacv2,Aufgabe C2 und Pitch,2023-11-26T18:36:55.59Z,,standard,https://teams.microsoft.com/l/channel/19%3A5ba1b15b12114d9894411d58ec627429%40thread.tacv2/Aufgabe%20C2%20und%20Pitch?groupId=b2ba4410-35e0-4d09-b30d-59b683dc1f92&tenantId=b79162dc-8d04-44f6-b3b2-c5a1d0b1b9a1&allowXTenantAccess=True,b2ba4410-35e0-4d09-b30d-59b683dc1f92
123,19:9gUDbhBfrvTDN8gmD1El6RLtTC3-BB3LGQxEECyNUfo1@thread.tacv2,General,2023-09-21T09:42:15.206Z,G8 FIVR 23/24,standard,https://teams.microsoft.com/l/channel/19%3A9gUDbhBfrvTDN8gmD1El6RLtTC3-BB3LGQxEECyNUfo1%40thread.tacv2/G8%20FIVR%2023%2F24?groupId=b2ba4410-35e0-4d09-b30d-59b683dc1f92&tenantId=b79162dc-8d04-44f6-b3b2-c5a1d0b1b9a1&allowXTenantAccess=True,b2ba4410-35e0-4d09-b30d-59b683dc1f92
124,19:c2ff21655d9746a1895151a1144baa95@thread.tacv2,Aufgabe A2,2023-10-20T18:53:19.999Z,,standard,https://teams.microsoft.com/l/channel/19%3Ac2ff21655d9746a1895151a1144baa95%40thread.tacv2/Aufgabe%20A2?groupId=b2ba4410-35e0-4d09-b30d-59b683dc1f92&tenantId=b79162dc-8d04-44f6-b3b2-c5a1d0b1b9a1&allowXTenantAccess=True,b2ba4410-35e0-4d09-b30d-59b683dc1f92
125,19:cbabafd172ed420e88c72b372e4cdbca@thread.tacv2,E-Tutor,2023-10-11T18:42:16.707Z,Wir nutzen diesen Channel f√ºr die Kommunikation mit unserer E-Tutorin Sophie.,standard,https://teams.microsoft.com/l/channel/19%3Acbabafd172ed420e88c72b372e4cdbca%40thread.tacv2/E-Tutor?groupId=b2ba4410-35e0-4d09-b30d-59b683dc1f92&tenantId=b79162dc-8d04-44f6-b3b2-c5a1d0b1b9a1&allowXTenantAccess=True,b2ba4410-35e0-4d09-b30d-59b683dc1f92
126,19:f52d21fef1b14deab5c9deb1fe3a5110@thread.tacv2,Aufgabe B2,2023-11-06T18:56:19.181Z,,standard,https://teams.microsoft.com/l/channel/19%3Af52d21fef1b14deab5c9deb1fe3a5110%40thread.tacv2/Aufgabe%20B2?groupId=b2ba4410-35e0-4d09-b30d-59b683dc1f92&tenantId=b79162dc-8d04-44f6-b3b2-c5a1d0b1b9a1&allowXTenantAccess=True,b2ba4410-35e0-4d09-b30d-59b683dc1f92
127,19:505ba69383eb4b099ad038f4056e4082@thread.tacv2,Aufgabe B3,2023-11-12T17:01:58.974Z,,standard,https://teams.microsoft.com/l/channel/19%3A505ba69383eb4b099ad038f4056e4082%40thread.tacv2/Aufgabe%20B3?groupId=b2ba4410-35e0-4d09-b30d-59b683dc1f92&tenantId=b79162dc-8d04-44f6-b3b2-c5a1d0b1b9a1&allowXTenantAccess=True&ngc=True,b2ba4410-35e0-4d09-b30d-59b683dc1f92
128,19:54210f2a225c45329351f298fb1b2e45@thread.tacv2,Aufgabe C1,2023-11-17T09:21:43.963Z,,standard,https://teams.microsoft.com/l/channel/19%3A54210f2a225c45329351f298fb1b2e45%40thread.tacv2/Aufgabe%20C1?groupId=b2ba4410-35e0-4d09-b30d-59b683dc1f92&tenantId=b79162dc-8d04-44f6-b3b2-c5a1d0b1b9a1&allowXTenantAccess=True&ngc=True,b2ba4410-35e0-4d09-b30d-59b683dc1f92
129,19:574d8829625641929c204628c26aed87@thread.tacv2,Aufgabe B1,2023-10-31T13:15:43.703Z,,standard,https://teams.microsoft.com/l/channel/19%3A574d8829625641929c204628c26aed87%40thread.tacv2/Aufgabe%20B1?groupId=b2ba4410-35e0-4d09-b30d-59b683dc1f92&tenantId=b79162dc-8d04-44f6-b3b2-c5a1d0b1b9a1&allowXTenantAccess=True&ngc=True,b2ba4410-35e0-4d09-b30d-59b683dc1f92
130,19:58c9aa07e016456390d1de8561a40adc@thread.tacv2,Aufgabe A1,2023-10-12T15:03:41.943Z,,standard,https://teams.microsoft.com/l/channel/19%3A58c9aa07e016456390d1de8561a40adc%40thread.tacv2/Aufgabe%20A1?groupId=b2ba4410-35e0-4d09-b30d-59b683dc1f92&tenantId=b79162dc-8d04-44f6-b3b2-c5a1d0b1b9a1&allowXTenantAccess=True&ngc=True,b2ba4410-35e0-4d09-b30d-59b683dc1f92
131,19:5ba1b15b12114d9894411d58ec627429@thread.tacv2,Aufgabe C2 und Pitch,2023-11-26T18:36:55.59Z,,standard,https://teams.microsoft.com/l/channel/19%3A5ba1b15b12114d9894411d58ec627429%40thread.tacv2/Aufgabe%20C2%20und%20Pitch?groupId=b2ba4410-35e0-4d09-b30d-59b683dc1f92&tenantId=b79162dc-8d04-44f6-b3b2-c5a1d0b1b9a1&allowXTenantAccess=True&ngc=True,b2ba4410-35e0-4d09-b30d-59b683dc1f92
132,19:9gUDbhBfrvTDN8gmD1El6RLtTC3-BB3LGQxEECyNUfo1@thread.tacv2,General,2023-09-21T09:42:15.206Z,G8 FIVR 23/24,standard,https://teams.microsoft.com/l/channel/19%3A9gUDbhBfrvTDN8gmD1El6RLtTC3-BB3LGQxEECyNUfo1%40thread.tacv2/G8%20FIVR%2023%2F24?groupId=b2ba4410-35e0-4d09-b30d-59b683dc1f92&tenantId=b79162dc-8d04-44f6-b3b2-c5a1d0b1b9a1&allowXTenantAccess=True&ngc=True,b2ba4410-35e0-4d09-b30d-59b683dc1f92
133,19:c2ff21655d9746a1895151a1144baa95@thread.tacv2,Aufgabe A2,2023-10-20T18:53:19.999Z,,standard,https://teams.microsoft.com/l/channel/19%3Ac2ff21655d9746a1895151a1144baa95%40thread.tacv2/Aufgabe%20A2?groupId=b2ba4410-35e0-4d09-b30d-59b683dc1f92&tenantId=b79162dc-8d04-44f6-b3b2-c5a1d0b1b9a1&allowXTenantAccess=True&ngc=True,b2ba4410-35e0-4d09-b30d-59b683dc1f92
134,19:cbabafd172ed420e88c72b372e4cdbca@thread.tacv2,E-Tutor,2023-10-11T18:42:16.707Z,Wir nutzen diesen Channel f√ºr die Kommunikation mit unserer E-Tutorin Sophie.,standard,https://teams.microsoft.com/l/channel/19%3Acbabafd172ed420e88c72b372e4cdbca%40thread.tacv2/E-Tutor?groupId=b2ba4410-35e0-4d09-b30d-59b683dc1f92&tenantId=b79162dc-8d04-44f6-b3b2-c5a1d0b1b9a1&allowXTenantAccess=True&ngc=True,b2ba4410-35e0-4d09-b30d-59b683dc1f92
135,19:f52d21fef1b14deab5c9deb1fe3a5110@thread.tacv2,Aufgabe B2,2023-11-06T18:56:19.181Z,,standard,https://teams.microsoft.com/l/channel/19%3Af52d21fef1b14deab5c9deb1fe3a5110%40thread.tacv2/Aufgabe%20B2?groupId=b2ba4410-35e0-4d09-b30d-59b683dc1f92&tenantId=b79162dc-8d04-44f6-b3b2-c5a1d0b1b9a1&allowXTenantAccess=True&ngc=True,b2ba4410-35e0-4d09-b30d-59b683dc1f92
